oligoastroIII.2_40x_20x_NS-MORPH	2	1	0.993858898881	0.651438848227	0.928010652798	0.553156470096	0.890973414112	0.705724690613	0.58657041531	POLYGON((34993 35536, 34994 35536, 34994 35535, 34994 35534, 34995 35534, 34995 35533, 34995 35532, 34996 35532, 34996 35531, 34997 35531, 34997 35530, 34998 35530, 34998 35529, 34999 35529, 34999 35528, 35000 35528, 35000 35527, 35001 35527, 35002 35527, 35002 35528, 35003 35528, 35004 35528, 35004 35529, 35005 35529, 35005 35530, 35006 35530, 35006 35531, 35006 35532, 35007 35532, 35007 35533, 35007 35534, 35007 35535, 35008 35535, 35008 35536, 35008 35537, 35007 35537, 35007 35538, 35007 35539, 35007 35540, 35006 35540, 35006 35541, 35006 35542, 35005 35542, 35005 35543, 35004 35543, 35004 35544, 35003 35544, 35003 35545, 35002 35545, 35001 35545, 35001 35546, 35000 35546, 34999 35546, 34998 35546, 34998 35547, 34997 35547, 34997 35546, 34996 35546, 34996 35545, 34996 35544, 34996 35543, 34996 35542, 34995 35542, 34995 35541, 34995 35540, 34994 35540, 34994 35539, 34994 35538, 34994 35537, 34993 35537, 34993 35536))
oligoastroIII.2_40x_20x_NS-MORPH	2	2	0.714952857831	0.202953214346		0.344519390444	0.588981564249	0.892242408687	0.411952005121	POLYGON((33543 34428, 33544 34428, 33544 34427, 33545 34427, 33545 34426, 33546 34426, 33547 34426, 33548 34426, 33549 34426, 33549 34427, 33550 34427, 33550 34428, 33550 34429, 33550 34430, 33549 34430, 33549 34431, 33548 34431, 33548 34432, 33547 34432, 33546 34432, 33545 34432, 33544 34432, 33543 34432, 33543 34431, 33543 34430, 33543 34429, 33543 34428))
oligoastroIII.2_40x_20x_NS-MORPH	2	3	0.869844876462		0.534916095785	0.0528704246679	0.972139915631	0.779600089711		POLYGON((35402 33272, 35403 33272, 35403 33271, 35404 33271, 35405 33271, 35406 33271, 35406 33272, 35406 33273, 35406 33274, 35407 33274, 35408 33274, 35409 33274, 35410 33274, 35411 33274, 35411 33273, 35412 33273, 35412 33274, 35412 33275, 35412 33276, 35412 33277, 35412 33278, 35412 33279, 35413 33279, 35413 33280, 35414 33280, 35414 33281, 35414 33282, 35413 33282, 35413 33283, 35412 33283, 35412 33282, 35411 33282, 35411 33281, 35410 33281, 35410 33280, 35409 33280, 35409 33279, 35408 33279, 35407 33279, 35407 33278, 35406 33278, 35406 33277, 35405 33277, 35404 33277, 35403 33277, 35403 33276, 35403 33275, 35402 33275, 35402 33274, 35402 33273, 35402 33272))
oligoastroIII.2_40x_20x_NS-MORPH	2	4	0.112018066251	0.764403517654	0.722774795559	0.560634976979	0.445276820312	0.910461761299	0.0382770521223	POLYGON((34739 34321, 34739 34320, 34740 34320, 34740 34319, 34741 34319, 34741 34318, 34742 34318, 34743 34318, 34744 34318, 34745 34318, 34745 34317, 34746 34317, 34746 34316, 34747 34316, 34748 34316, 34748 34315, 34749 34315, 34750 34315, 34751 34315, 34751 34314, 34751 34313, 34751 34312, 34751 34311, 34751 34310, 34750 34310, 34749 34310, 34748 34310, 34748 34309, 34748 34308, 34749 34308, 34749 34307, 34750 34307, 34750 34308, 34751 34308, 34752 34308, 34753 34308, 34753 34309, 34754 34309, 34755 34309, 34755 34310, 34756 34310, 34757 34310, 34758 34310, 34758 34311, 34759 34311, 34759 34312, 34760 34312, 34760 34313, 34761 34313, 34761 34314, 34761 34315, 34761 34316, 34761 34317, 34762 34317, 34763 34317, 34763 34318, 34764 34318, 34764 34319, 34765 34319, 34765 34320, 34766 34320, 34766 34321, 34767 34321, 34767 34322, 34767 34323, 34766 34323, 34765 34323, 34764 34323, 34763 34323, 34763 34324, 34763 34325, 34763 34326, 34762 34326, 34762 34327, 34761 34327, 34761 34328, 34760 34328, 34759 34328, 34759 34329, 34758 34329, 34757 34329, 34756 34329, 34756 34328, 34755 34328, 34754 34328, 34753 34328, 34752 34328, 34751 34328, 34750 34328, 34749 34328, 34748 34328, 34747 34328, 34746 34328, 34745 34328, 34745 34327, 34744 34327, 34744 34326, 34743 34326, 34743 34325, 34742 34325, 34742 34324, 34742 34323, 34742 34322, 34742 34321, 34741 34321, 34740 34321, 34739 34321))
oligoastroIII.2_40x_20x_NS-MORPH	2	5	0.862053055802	0.999465347917	0.321897937612	0.850937135419	0.240462098055	0.027703873464	0.0121416465551	POLYGON((33346 35657, 33347 35657, 33347 35656, 33348 35656, 33348 35655, 33348 35654, 33348 35653, 33348 35652, 33349 35652, 33350 35652, 33351 35652, 33352 35652, 33352 35651, 33353 35651, 33354 35651, 33355 35651, 33356 35651, 33357 35651, 33357 35650, 33358 35650, 33359 35650, 33359 35651, 33358 35651, 33358 35652, 33357 35652, 33357 35653, 33357 35654, 33357 35655, 33357 35656, 33357 35657, 33357 35658, 33356 35658, 33355 35658, 33355 35659, 33354 35659, 33353 35659, 33352 35659, 33351 35659, 33350 35659, 33349 35659, 33348 35659, 33347 35659, 33347 35658, 33346 35658, 33346 35657))
oligoastroIII.2_40x_20x_NS-MORPH	2	6	0.926191447551	0.310809909862	0.626960221377	0.463155866507	0.693364815287	0.339422722621	0.825857928289	POLYGON((34581 33806, 34581 33805, 34581 33804, 34582 33804, 34582 33803, 34583 33803, 34583 33802, 34584 33802, 34584 33801, 34585 33801, 34585 33800, 34586 33800, 34587 33800, 34587 33799, 34588 33799, 34588 33800, 34589 33800, 34590 33800, 34591 33800, 34591 33801, 34592 33801, 34592 33802, 34593 33802, 34593 33803, 34593 33804, 34594 33804, 34594 33805, 34595 33805, 34595 33806, 34595 33807, 34596 33807, 34596 33808, 34595 33808, 34595 33809, 34594 33809, 34594 33810, 34593 33810, 34593 33811, 34592 33811, 34592 33812, 34591 33812, 34590 33812, 34589 33812, 34588 33812, 34588 33811, 34587 33811, 34586 33811, 34586 33810, 34585 33810, 34584 33810, 34583 33810, 34583 33809, 34582 33809, 34582 33808, 34581 33808, 34581 33807, 34581 33806))
oligoastroIII.2_40x_20x_NS-MORPH	2	7	0.571217907961	0.186908055071	0.67134807476	0.10385290093	0.452767853136	0.322445340393	0.626225667374	POLYGON((33771 35603, 33772 35603, 33772 35604, 33773 35604, 33773 35605, 33773 35606, 33773 35607, 33774 35607, 33774 35608, 33774 35609, 33773 35609, 33772 35609, 33772 35608, 33771 35608, 33771 35607, 33771 35606, 33771 35605, 33771 35604, 33771 35603))
oligoastroIII.2_40x_20x_NS-MORPH	2	8	0.498183886839	0.345204745364	0.701477786086	0.729040217331	0.622717262114	0.896573427673	0.560325858571	POLYGON((35779 34178, 35779 34177, 35779 34176, 35779 34175, 35779 34174, 35780 34174, 35780 34173, 35781 34173, 35781 34172, 35782 34172, 35782 34171, 35783 34171, 35783 34170, 35784 34170, 35784 34169, 35785 34169, 35785 34168, 35786 34168, 35786 34167, 35787 34167, 35788 34167, 35788 34166, 35789 34166, 35790 34166, 35790 34167, 35791 34167, 35792 34167, 35793 34167, 35794 34167, 35795 34167, 35796 34167, 35797 34167, 35798 34167, 35799 34167, 35799 34168, 35799 34169, 35798 34169, 35798 34170, 35797 34170, 35797 34171, 35797 34172, 35797 34173, 35796 34173, 35796 34174, 35795 34174, 35794 34174, 35794 34175, 35793 34175, 35793 34176, 35792 34176, 35792 34177, 35791 34177, 35791 34178, 35790 34178, 35790 34179, 35789 34179, 35788 34179, 35788 34180, 35787 34180, 35787 34181, 35786 34181, 35786 34180, 35785 34180, 35784 34180, 35783 34180, 35782 34180, 35782 34181, 35781 34181, 35781 34180, 35780 34180, 35780 34179, 35779 34179, 35779 34178))
oligoastroIII.2_40x_20x_NS-MORPH	2	9	0.386918458101	0.74811698089	0.0108818557304	0.0285105148636	0.0845491566109	0.0501157237427	0.365935985021	POLYGON((35572 33412, 35572 33411, 35572 33410, 35572 33409, 35573 33409, 35573 33408, 35574 33408, 35574 33407, 35575 33407, 35575 33406, 35576 33406, 35577 33406, 35578 33406, 35578 33405, 35579 33405, 35580 33405, 35580 33406, 35580 33407, 35581 33407, 35581 33408, 35581 33409, 35581 33410, 35581 33411, 35580 33411, 35580 33412, 35579 33412, 35579 33413, 35579 33414, 35579 33415, 35578 33415, 35578 33416, 35578 33417, 35578 33418, 35577 33418, 35576 33418, 35576 33417, 35575 33417, 35575 33416, 35574 33416, 35574 33415, 35573 33415, 35573 33414, 35572 33414, 35572 33413, 35572 33412))
oligoastroIII.2_40x_20x_NS-MORPH	2	10	0.888995240894	0.702308438473	0.198354719576	0.351054533628	0.102192987147	0.407473534996	0.307452335336	POLYGON((35670 35335, 35671 35335, 35671 35334, 35672 35334, 35672 35333, 35673 35333, 35673 35332, 35674 35332, 35674 35331, 35674 35330, 35675 35330, 35675 35329, 35676 35329, 35676 35328, 35677 35328, 35677 35327, 35678 35327, 35678 35328, 35679 35328, 35679 35329, 35680 35329, 35680 35330, 35681 35330, 35681 35331, 35682 35331, 35682 35332, 35682 35333, 35682 35334, 35683 35334, 35683 35335, 35683 35336, 35683 35337, 35683 35338, 35683 35339, 35683 35340, 35683 35341, 35682 35341, 35681 35341, 35680 35341, 35679 35341, 35679 35342, 35678 35342, 35677 35342, 35677 35341, 35676 35341, 35676 35340, 35675 35340, 35674 35340, 35674 35339, 35673 35339, 35673 35338, 35672 35338, 35671 35338, 35671 35337, 35670 35337, 35670 35336, 35670 35335))
oligoastroIII.2_40x_20x_NS-MORPH	2	11			0.208749581771	0.921058552211	0.235345548339	0.429703638674	0.483347161351	POLYGON((35719 33462, 35719 33461, 35719 33460, 35720 33460, 35720 33459, 35720 33458, 35720 33457, 35720 33456, 35720 33455, 35720 33454, 35721 33454, 35721 33453, 35722 33453, 35722 33452, 35723 33452, 35724 33452, 35724 33451, 35725 33451, 35726 33451, 35726 33450, 35727 33450, 35728 33450, 35729 33450, 35730 33450, 35731 33450, 35732 33450, 35732 33449, 35733 33449, 35733 33450, 35733 33451, 35733 33452, 35733 33453, 35733 33454, 35733 33455, 35734 33455, 35735 33455, 35735 33456, 35736 33456, 35737 33456, 35738 33456, 35738 33457, 35739 33457, 35739 33458, 35740 33458, 35740 33459, 35740 33460, 35740 33461, 35741 33461, 35741 33462, 35741 33463, 35741 33464, 35741 33465, 35742 33465, 35742 33466, 35743 33466, 35743 33467, 35743 33468, 35743 33469, 35743 33470, 35742 33470, 35742 33471, 35741 33471, 35741 33472, 35740 33472, 35740 33473, 35739 33473, 35739 33474, 35738 33474, 35738 33473, 35737 33473, 35736 33473, 35736 33472, 35735 33472, 35735 33471, 35734 33471, 35734 33470, 35733 33470, 35733 33469, 35732 33469, 35732 33468, 35732 33467, 35731 33467, 35730 33467, 35729 33467, 35728 33467, 35727 33467, 35727 33468, 35726 33468, 35726 33469, 35725 33469, 35725 33470, 35724 33470, 35723 33470, 35722 33470, 35722 33469, 35721 33469, 35721 33468, 35720 33468, 35720 33467, 35720 33466, 35721 33466, 35721 33465, 35721 33464, 35721 33463, 35721 33462, 35720 33462, 35719 33462))
oligoastroIII.2_40x_20x_NS-MORPH	2	12	0.350148167709	0.725096652103	0.819076808254	0.272340442995			0.856590272317	POLYGON((35672 36444, 35673 36444, 35673 36443, 35674 36443, 35674 36442, 35675 36442, 35675 36441, 35676 36441, 35676 36440, 35677 36440, 35677 36439, 35678 36439, 35679 36439, 35679 36438, 35680 36438, 35680 36437, 35681 36437, 35681 36436, 35682 36436, 35682 36437, 35683 36437, 35684 36437, 35685 36437, 35686 36437, 35687 36437, 35687 36438, 35688 36438, 35688 36439, 35688 36440, 35688 36441, 35688 36442, 35688 36443, 35688 36444, 35688 36445, 35688 36446, 35689 36446, 35689 36447, 35689 36448, 35689 36449, 35689 36450, 35689 36451, 35688 36451, 35688 36452, 35688 36453, 35687 36453, 35687 36454, 35686 36454, 35686 36455, 35686 36456, 35686 36457, 35685 36457, 35684 36457, 35683 36457, 35682 36457, 35681 36457, 35680 36457, 35680 36456, 35679 36456, 35679 36455, 35678 36455, 35677 36455, 35677 36454, 35676 36454, 35676 36453, 35675 36453, 35675 36452, 35674 36452, 35674 36451, 35674 36450, 35673 36450, 35673 36449, 35673 36448, 35673 36447, 35672 36447, 35672 36446, 35672 36445, 35672 36444))
oligoastroIII.2_40x_20x_NS-MORPH	2	13		0.053790758679	0.549461812397	0.0941062379043	0.877253332508	0.447305449004	0.39169842345	POLYGON((33266 36603, 33267 36603, 33267 36602, 33268 36602, 33268 36601, 33269 36601, 33269 36600, 33270 36600, 33270 36599, 33271 36599, 33271 36598, 33272 36598, 33272 36597, 33273 36597, 33274 36597, 33275 36597, 33275 36598, 33276 36598, 33276 36599, 33276 36600, 33276 36601, 33277 36601, 33277 36602, 33278 36602, 33279 36602, 33279 36603, 33280 36603, 33281 36603, 33281 36604, 33281 36605, 33280 36605, 33280 36606, 33280 36607, 33280 36608, 33279 36608, 33279 36609, 33278 36609, 33278 36610, 33277 36610, 33276 36610, 33275 36610, 33274 36610, 33274 36611, 33273 36611, 33273 36612, 33273 36613, 33273 36614, 33272 36614, 33271 36614, 33270 36614, 33270 36613, 33271 36613, 33271 36612, 33271 36611, 33271 36610, 33271 36609, 33270 36609, 33270 36608, 33269 36608, 33269 36607, 33268 36607, 33268 36606, 33267 36606, 33267 36605, 33266 36605, 33266 36604, 33266 36603))
oligoastroIII.2_40x_20x_NS-MORPH	2	14	0.994677209708		0.683381745847	0.439212316285	0.85638728143	0.387687327426	0.0874381329806	POLYGON((33997 33237, 33997 33236, 33997 33235, 33998 33235, 33998 33234, 33999 33234, 33999 33233, 34000 33233, 34000 33232, 34001 33232, 34001 33231, 34002 33231, 34002 33230, 34003 33230, 34003 33229, 34004 33229, 34004 33228, 34005 33228, 34006 33228, 34006 33227, 34007 33227, 34007 33226, 34008 33226, 34009 33226, 34009 33227, 34010 33227, 34010 33228, 34010 33229, 34010 33230, 34010 33231, 34010 33232, 34010 33233, 34011 33233, 34012 33233, 34012 33234, 34013 33234, 34014 33234, 34014 33235, 34014 33236, 34013 33236, 34012 33236, 34011 33236, 34010 33236, 34010 33237, 34009 33237, 34009 33238, 34008 33238, 34008 33239, 34007 33239, 34006 33239, 34005 33239, 34005 33240, 34004 33240, 34003 33240, 34003 33241, 34002 33241, 34001 33241, 34000 33241, 34000 33240, 33999 33240, 33999 33239, 33998 33239, 33998 33238, 33997 33238, 33997 33237))
oligoastroIII.2_40x_20x_NS-MORPH	2	15		0.521117707592	0.656827175241	0.118650786518	0.441900545312		0.719102430425	POLYGON((34303 32892, 34303 32891, 34303 32890, 34304 32890, 34304 32889, 34305 32889, 34305 32888, 34306 32888, 34306 32887, 34307 32887, 34307 32886, 34308 32886, 34308 32885, 34309 32885, 34310 32885, 34310 32886, 34311 32886, 34311 32887, 34311 32888, 34312 32888, 34312 32889, 34312 32890, 34312 32891, 34313 32891, 34313 32892, 34313 32893, 34314 32893, 34314 32894, 34314 32895, 34315 32895, 34315 32896, 34315 32897, 34314 32897, 34314 32898, 34314 32899, 34313 32899, 34313 32900, 34312 32900, 34312 32901, 34311 32901, 34311 32902, 34310 32902, 34309 32902, 34309 32901, 34308 32901, 34308 32900, 34308 32899, 34307 32899, 34307 32898, 34306 32898, 34306 32897, 34306 32896, 34306 32895, 34305 32895, 34305 32894, 34304 32894, 34304 32893, 34303 32893, 34303 32892))
oligoastroIII.2_40x_20x_NS-MORPH	2	16	0.72707276447		0.589282620576	0.0771049851202	0.291770104769	0.485060700393	0.951918533202	POLYGON((35279 34944, 35279 34943, 35280 34943, 35281 34943, 35282 34943, 35283 34943, 35284 34943, 35284 34944, 35285 34944, 35286 34944, 35287 34944, 35288 34944, 35289 34944, 35290 34944, 35291 34944, 35292 34944, 35292 34945, 35293 34945, 35294 34945, 35295 34945, 35296 34945, 35296 34946, 35297 34946, 35298 34946, 35298 34947, 35299 34947, 35299 34948, 35300 34948, 35300 34949, 35300 34950, 35300 34951, 35300 34952, 35299 34952, 35299 34953, 35299 34954, 35299 34955, 35299 34956, 35300 34956, 35301 34956, 35301 34957, 35302 34957, 35303 34957, 35304 34957, 35304 34958, 35304 34959, 35303 34959, 35302 34959, 35302 34958, 35301 34958, 35300 34958, 35299 34958, 35298 34958, 35297 34958, 35296 34958, 35295 34958, 35294 34958, 35293 34958, 35292 34958, 35291 34958, 35290 34958, 35289 34958, 35288 34958, 35288 34957, 35287 34957, 35286 34957, 35285 34957, 35285 34956, 35285 34955, 35285 34954, 35284 34954, 35284 34953, 35283 34953, 35283 34952, 35283 34951, 35283 34950, 35282 34950, 35282 34949, 35282 34948, 35282 34947, 35281 34947, 35281 34946, 35280 34946, 35280 34945, 35279 34945, 35279 34944))
oligoastroIII.2_40x_20x_NS-MORPH	2	17	0.287667059159	0.913846065639	0.0246928796297	0.0970821374304	0.265299989597		0.784535047743	POLYGON((36122 35257, 36123 35257, 36124 35257, 36125 35257, 36126 35257, 36126 35256, 36127 35256, 36127 35257, 36128 35257, 36129 35257, 36130 35257, 36131 35257, 36131 35256, 36132 35256, 36132 35255, 36132 35254, 36132 35253, 36132 35252, 36132 35251, 36132 35250, 36133 35250, 36133 35249, 36134 35249, 36135 35249, 36136 35249, 36136 35250, 36137 35250, 36137 35251, 36138 35251, 36139 35251, 36140 35251, 36141 35251, 36141 35250, 36142 35250, 36142 35249, 36143 35249, 36144 35249, 36145 35249, 36146 35249, 36147 35249, 36148 35249, 36148 35250, 36149 35250, 36150 35250, 36150 35251, 36151 35251, 36151 35252, 36152 35252, 36153 35252, 36153 35253, 36153 35254, 36153 35255, 36153 35256, 36153 35257, 36154 35257, 36155 35257, 36156 35257, 36157 35257, 36158 35257, 36159 35257, 36160 35257, 36160 35256, 36161 35256, 36162 35256, 36162 35257, 36163 35257, 36163 35258, 36163 35259, 36162 35259, 36162 35260, 36161 35260, 36160 35260, 36159 35260, 36159 35261, 36158 35261, 36158 35262, 36157 35262, 36156 35262, 36155 35262, 36154 35262, 36153 35262, 36152 35262, 36151 35262, 36151 35263, 36150 35263, 36150 35262, 36149 35262, 36149 35261, 36148 35261, 36147 35261, 36146 35261, 36145 35261, 36144 35261, 36143 35261, 36142 35261, 36141 35261, 36141 35262, 36140 35262, 36139 35262, 36138 35262, 36138 35263, 36138 35264, 36138 35265, 36138 35266, 36139 35266, 36139 35267, 36139 35268, 36139 35269, 36138 35269, 36138 35270, 36137 35270, 36137 35271, 36136 35271, 36135 35271, 36134 35271, 36134 35270, 36133 35270, 36133 35269, 36132 35269, 36132 35268, 36132 35267, 36132 35266, 36132 35265, 36131 35265, 36131 35264, 36131 35263, 36130 35263, 36129 35263, 36129 35262, 36128 35262, 36127 35262, 36126 35262, 36125 35262, 36125 35261, 36124 35261, 36124 35260, 36123 35260, 36123 35259, 36123 35258, 36122 35258, 36122 35257))
oligoastroIII.2_40x_20x_NS-MORPH	2	18	0.987470713436	0.955275312898	0.598495026513	0.839999631687	0.137282297873	0.930291961253	0.696999460048	POLYGON((36373 33338, 36374 33338, 36375 33338, 36375 33339, 36376 33339, 36376 33340, 36377 33340, 36378 33340, 36379 33340, 36380 33340, 36381 33340, 36381 33339, 36382 33339, 36383 33339, 36383 33338, 36384 33338, 36385 33338, 36386 33338, 36387 33338, 36388 33338, 36389 33338, 36390 33338, 36391 33338, 36391 33339, 36392 33339, 36392 33340, 36393 33340, 36393 33341, 36394 33341, 36395 33341, 36395 33342, 36396 33342, 36396 33343, 36397 33343, 36397 33344, 36396 33344, 36396 33345, 36395 33345, 36395 33346, 36395 33347, 36395 33348, 36395 33349, 36396 33349, 36396 33350, 36397 33350, 36397 33351, 36397 33352, 36397 33353, 36397 33354, 36397 33355, 36397 33356, 36396 33356, 36396 33357, 36395 33357, 36395 33358, 36394 33358, 36394 33359, 36393 33359, 36393 33358, 36393 33357, 36392 33357, 36391 33357, 36390 33357, 36389 33357, 36389 33358, 36388 33358, 36387 33358, 36386 33358, 36385 33358, 36385 33357, 36386 33357, 36386 33356, 36386 33355, 36386 33354, 36386 33353, 36386 33352, 36386 33351, 36386 33350, 36386 33349, 36385 33349, 36384 33349, 36384 33348, 36383 33348, 36382 33348, 36382 33347, 36381 33347, 36380 33347, 36380 33346, 36379 33346, 36379 33345, 36378 33345, 36378 33344, 36377 33344, 36377 33343, 36376 33343, 36375 33343, 36375 33342, 36374 33342, 36374 33341, 36373 33341, 36373 33340, 36373 33339, 36373 33338))
oligoastroIII.2_40x_20x_NS-MORPH	2	19	0.962842483759	0.962710865513	0.409772648187	0.13795800583	0.924765132852	0.985840226867	0.416663456954	POLYGON((34881 34882, 34882 34882, 34882 34881, 34882 34880, 34883 34880, 34883 34879, 34883 34878, 34883 34877, 34883 34876, 34884 34876, 34885 34876, 34886 34876, 34887 34876, 34888 34876, 34889 34876, 34890 34876, 34891 34876, 34891 34875, 34891 34874, 34891 34873, 34891 34872, 34892 34872, 34893 34872, 34893 34873, 34894 34873, 34894 34874, 34895 34874, 34895 34875, 34895 34876, 34896 34876, 34896 34877, 34896 34878, 34896 34879, 34895 34879, 34895 34880, 34894 34880, 34894 34881, 34893 34881, 34893 34882, 34892 34882, 34891 34882, 34890 34882, 34889 34882, 34888 34882, 34887 34882, 34886 34882, 34886 34883, 34886 34884, 34885 34884, 34885 34885, 34884 34885, 34883 34885, 34882 34885, 34882 34884, 34881 34884, 34881 34883, 34881 34882))
oligoastroIII.2_40x_20x_NS-MORPH	2	20	0.0655786892839	0.506987512594	0.673367523897		0.674760814241		0.274817715516	POLYGON((34168 36786, 34169 36786, 34169 36785, 34170 36785, 34170 36784, 34171 36784, 34171 36785, 34172 36785, 34173 36785, 34174 36785, 34175 36785, 34176 36785, 34177 36785, 34177 36784, 34178 36784, 34179 36784, 34180 36784, 34181 36784, 34181 36785, 34181 36786, 34180 36786, 34179 36786, 34178 36786, 34177 36786, 34177 36787, 34176 36787, 34176 36788, 34175 36788, 34175 36789, 34174 36789, 34173 36789, 34172 36789, 34171 36789, 34170 36789, 34170 36788, 34169 36788, 34169 36787, 34168 36787, 34168 36786))
oligoastroIII.2_40x_20x_NS-MORPH	2	21	0.101769413962	0.132521422192		0.550320695413	0.592529535507	0.550804170398	0.531829738053	POLYGON((34846 34744, 34846 34743, 34847 34743, 34848 34743, 34849 34743, 34850 34743, 34851 34743, 34852 34743, 34853 34743, 34854 34743, 34855 34743, 34855 34744, 34856 34744, 34857 34744, 34858 34744, 34859 34744, 34860 34744, 34861 34744, 34861 34745, 34861 34746, 34861 34747, 34862 34747, 34863 34747, 34864 34747, 34865 34747, 34865 34746, 34866 34746, 34866 34747, 34867 34747, 34867 34748, 34868 34748, 34868 34749, 34868 34750, 34868 34751, 34868 34752, 34867 34752, 34867 34753, 34866 34753, 34866 34754, 34865 34754, 34865 34755, 34864 34755, 34864 34756, 34863 34756, 34863 34755, 34862 34755, 34862 34754, 34861 34754, 34861 34753, 34860 34753, 34860 34752, 34860 34751, 34859 34751, 34859 34750, 34859 34749, 34858 34749, 34858 34748, 34858 34747, 34857 34747, 34856 34747, 34855 34747, 34855 34746, 34854 34746, 34854 34745, 34853 34745, 34852 34745, 34852 34744, 34851 34744, 34850 34744, 34849 34744, 34848 34744, 34848 34745, 34847 34745, 34846 34745, 34846 34744))
oligoastroIII.2_40x_20x_NS-MORPH	2	22	0.204556094492		0.059457855249	0.149129292119	0.486371975276	0.660164235995		POLYGON((32797 34907, 32798 34907, 32798 34906, 32799 34906, 32799 34905, 32800 34905, 32800 34904, 32801 34904, 32802 34904, 32802 34903, 32803 34903, 32804 34903, 32805 34903, 32806 34903, 32806 34904, 32807 34904, 32808 34904, 32808 34905, 32809 34905, 32809 34906, 32810 34906, 32810 34907, 32811 34907, 32811 34908, 32812 34908, 32812 34909, 32813 34909, 32813 34910, 32813 34911, 32813 34912, 32813 34913, 32813 34914, 32813 34915, 32812 34915, 32812 34916, 32812 34917, 32812 34918, 32811 34918, 32811 34919, 32811 34920, 32810 34920, 32810 34921, 32809 34921, 32809 34922, 32808 34922, 32807 34922, 32807 34923, 32806 34923, 32805 34923, 32804 34923, 32803 34923, 32802 34923, 32801 34923, 32801 34922, 32800 34922, 32800 34921, 32799 34921, 32799 34920, 32798 34920, 32798 34919, 32797 34919, 32797 34918, 32797 34917, 32797 34916, 32797 34915, 32797 34914, 32797 34913, 32797 34912, 32797 34911, 32797 34910, 32797 34909, 32797 34908, 32797 34907))
oligoastroIII.2_40x_20x_NS-MORPH	2	23	0.194050693908	0.988311976655	0.754969557068	0.513880596838	0.299361021355	0.316835661126	0.199210742699	POLYGON((34420 35253, 34420 35252, 34421 35252, 34422 35252, 34423 35252, 34424 35252, 34424 35251, 34425 35251, 34426 35251, 34427 35251, 34427 35250, 34427 35249, 34427 35248, 34427 35247, 34427 35246, 34428 35246, 34429 35246, 34430 35246, 34430 35247, 34431 35247, 34432 35247, 34433 35247, 34434 35247, 34434 35246, 34435 35246, 34436 35246, 34436 35247, 34437 35247, 34437 35248, 34437 35249, 34437 35250, 34437 35251, 34438 35251, 34439 35251, 34439 35252, 34439 35253, 34439 35254, 34439 35255, 34438 35255, 34438 35256, 34438 35257, 34438 35258, 34438 35259, 34438 35260, 34438 35261, 34437 35261, 34436 35261, 34436 35260, 34435 35260, 34434 35260, 34433 35260, 34432 35260, 34431 35260, 34430 35260, 34429 35260, 34429 35261, 34429 35262, 34429 35263, 34428 35263, 34428 35262, 34427 35262, 34426 35262, 34425 35262, 34425 35261, 34424 35261, 34423 35261, 34422 35261, 34422 35260, 34423 35260, 34423 35259, 34423 35258, 34423 35257, 34423 35256, 34422 35256, 34422 35255, 34421 35255, 34421 35254, 34420 35254, 34420 35253))
oligoastroIII.2_40x_20x_NS-MORPH	2	24	0.272813016858	0.962986085284	0.111682495674		0.372548984402	0.356867683746	0.827093662022	POLYGON((34967 33810, 34968 33810, 34968 33809, 34968 33808, 34968 33807, 34969 33807, 34969 33806, 34969 33805, 34970 33805, 34970 33806, 34971 33806, 34972 33806, 34973 33806, 34974 33806, 34975 33806, 34975 33805, 34975 33804, 34975 33803, 34976 33803, 34976 33802, 34977 33802, 34977 33801, 34978 33801, 34979 33801, 34979 33800, 34980 33800, 34981 33800, 34982 33800, 34983 33800, 34983 33801, 34984 33801, 34985 33801, 34986 33801, 34986 33802, 34986 33803, 34986 33804, 34986 33805, 34986 33806, 34986 33807, 34986 33808, 34986 33809, 34985 33809, 34985 33810, 34984 33810, 34984 33811, 34983 33811, 34983 33812, 34982 33812, 34981 33812, 34981 33813, 34980 33813, 34979 33813, 34978 33813, 34977 33813, 34976 33813, 34975 33813, 34974 33813, 34973 33813, 34973 33814, 34972 33814, 34971 33814, 34970 33814, 34970 33813, 34969 33813, 34969 33812, 34968 33812, 34968 33811, 34967 33811, 34967 33810))
oligoastroIII.2_40x_20x_NS-MORPH	2	25	0.43438827777	0.745283198304		0.18025879743	0.443059775315		0.916436217943	POLYGON((33360 35191, 33360 35190, 33361 35190, 33362 35190, 33363 35190, 33364 35190, 33365 35190, 33365 35189, 33365 35188, 33366 35188, 33366 35189, 33366 35190, 33366 35191, 33366 35192, 33366 35193, 33367 35193, 33367 35194, 33368 35194, 33369 35194, 33369 35195, 33370 35195, 33370 35196, 33371 35196, 33371 35197, 33370 35197, 33370 35198, 33369 35198, 33368 35198, 33368 35197, 33367 35197, 33367 35196, 33366 35196, 33366 35195, 33365 35195, 33365 35194, 33364 35194, 33364 35193, 33363 35193, 33363 35192, 33362 35192, 33361 35192, 33360 35192, 33360 35191))
oligoastroIII.2_40x_20x_NS-MORPH	2	26	0.0888384450858	0.906708149825	0.742871426422	0.0352050322494	0.377460414391	0.67723415544	0.345913727291	POLYGON((35289 34342, 35289 34341, 35290 34341, 35291 34341, 35291 34340, 35292 34340, 35293 34340, 35293 34339, 35293 34338, 35293 34337, 35293 34336, 35293 34335, 35294 34335, 35294 34334, 35294 34333, 35295 34333, 35295 34332, 35296 34332, 35296 34331, 35297 34331, 35297 34330, 35298 34330, 35298 34329, 35299 34329, 35299 34328, 35300 34328, 35300 34327, 35300 34326, 35301 34326, 35301 34325, 35301 34324, 35301 34323, 35301 34322, 35300 34322, 35300 34321, 35299 34321, 35298 34321, 35297 34321, 35296 34321, 35296 34322, 35295 34322, 35294 34322, 35293 34322, 35292 34322, 35292 34321, 35292 34320, 35293 34320, 35294 34320, 35295 34320, 35296 34320, 35297 34320, 35298 34320, 35299 34320, 35299 34319, 35300 34319, 35301 34319, 35301 34320, 35302 34320, 35303 34320, 35303 34321, 35304 34321, 35304 34322, 35305 34322, 35305 34323, 35305 34324, 35304 34324, 35304 34325, 35303 34325, 35303 34326, 35303 34327, 35303 34328, 35303 34329, 35303 34330, 35303 34331, 35303 34332, 35303 34333, 35303 34334, 35304 34334, 35304 34335, 35305 34335, 35305 34336, 35306 34336, 35306 34337, 35307 34337, 35308 34337, 35308 34338, 35309 34338, 35309 34339, 35310 34339, 35310 34340, 35310 34341, 35309 34341, 35309 34342, 35308 34342, 35308 34343, 35307 34343, 35307 34344, 35306 34344, 35306 34345, 35305 34345, 35304 34345, 35303 34345, 35302 34345, 35301 34345, 35300 34345, 35299 34345, 35298 34345, 35297 34345, 35297 34346, 35296 34346, 35296 34345, 35295 34345, 35295 34344, 35295 34343, 35294 34343, 35293 34343, 35293 34342, 35292 34342, 35291 34342, 35290 34342, 35289 34342))
oligoastroIII.2_40x_20x_NS-MORPH	2	27	0.396425237248		0.364894443959	0.231429820183	0.00244382592802	0.904540259289	0.100578264723	POLYGON((33932 36401, 33932 36400, 33933 36400, 33933 36399, 33934 36399, 33935 36399, 33936 36399, 33936 36400, 33937 36400, 33937 36401, 33938 36401, 33938 36402, 33939 36402, 33939 36403, 33940 36403, 33940 36404, 33941 36404, 33941 36405, 33941 36406, 33941 36407, 33940 36407, 33939 36407, 33939 36406, 33938 36406, 33937 36406, 33937 36405, 33936 36405, 33936 36404, 33935 36404, 33934 36404, 33934 36403, 33933 36403, 33933 36402, 33932 36402, 33932 36401))
oligoastroIII.2_40x_20x_NS-MORPH	2	28	0.880317785527	0.358380670602	0.972899913618	0.921161482249	0.882221233619	0.141258513674	0.206467374587	POLYGON((34422 33582, 34423 33582, 34423 33581, 34424 33581, 34424 33580, 34425 33580, 34425 33579, 34426 33579, 34426 33578, 34426 33577, 34426 33576, 34427 33576, 34428 33576, 34428 33577, 34429 33577, 34430 33577, 34431 33577, 34432 33577, 34433 33577, 34433 33578, 34433 33579, 34433 33580, 34433 33581, 34433 33582, 34433 33583, 34432 33583, 34432 33584, 34432 33585, 34431 33585, 34431 33586, 34430 33586, 34430 33587, 34429 33587, 34429 33588, 34428 33588, 34428 33587, 34427 33587, 34426 33587, 34425 33587, 34424 33587, 34424 33586, 34423 33586, 34423 33585, 34422 33585, 34422 33584, 34422 33583, 34422 33582))
oligoastroIII.2_40x_20x_NS-MORPH	2	29	0.287683225563	0.436937989102	0.738656591369	0.149341872696		0.974838693515	0.499111007138	POLYGON((36280 36827, 36281 36827, 36281 36826, 36281 36825, 36281 36824, 36282 36824, 36282 36823, 36282 36822, 36283 36822, 36283 36821, 36284 36821, 36284 36820, 36285 36820, 36285 36819, 36286 36819, 36287 36819, 36287 36818, 36288 36818, 36289 36818, 36290 36818, 36291 36818, 36291 36817, 36292 36817, 36292 36818, 36293 36818, 36294 36818, 36295 36818, 36295 36819, 36296 36819, 36297 36819, 36298 36819, 36298 36820, 36299 36820, 36299 36821, 36299 36822, 36299 36823, 36298 36823, 36298 36824, 36298 36825, 36298 36826, 36297 36826, 36297 36827, 36297 36828, 36296 36828, 36296 36829, 36295 36829, 36295 36830, 36294 36830, 36294 36831, 36293 36831, 36293 36832, 36292 36832, 36292 36833, 36291 36833, 36291 36834, 36290 36834, 36290 36835, 36289 36835, 36288 36835, 36287 36835, 36286 36835, 36285 36835, 36284 36835, 36284 36834, 36283 36834, 36282 36834, 36282 36833, 36281 36833, 36281 36832, 36280 36832, 36280 36831, 36280 36830, 36280 36829, 36280 36828, 36280 36827))
oligoastroIII.2_40x_20x_NS-MORPH	2	30	0.284206725736	0.803975514383	0.259788437289	0.7552165777	0.0424240954361	0.564887579997	0.0949271829473	POLYGON((34801 32936, 34802 32936, 34802 32935, 34803 32935, 34803 32934, 34804 32934, 34804 32933, 34805 32933, 34805 32932, 34806 32932, 34806 32931, 34807 32931, 34807 32930, 34808 32930, 34808 32929, 34809 32929, 34810 32929, 34811 32929, 34812 32929, 34813 32929, 34813 32930, 34814 32930, 34814 32931, 34815 32931, 34815 32932, 34816 32932, 34816 32933, 34816 32934, 34816 32935, 34815 32935, 34815 32936, 34815 32937, 34815 32938, 34815 32939, 34814 32939, 34814 32940, 34813 32940, 34813 32941, 34812 32941, 34811 32941, 34811 32942, 34810 32942, 34809 32942, 34809 32943, 34808 32943, 34807 32943, 34806 32943, 34806 32944, 34805 32944, 34804 32944, 34804 32943, 34803 32943, 34803 32942, 34802 32942, 34802 32941, 34801 32941, 34801 32940, 34801 32939, 34801 32938, 34801 32937, 34801 32936))
oligoastroIII.2_40x_20x_NS-MORPH	2	31	0.367050698399	0.269680007171	0.569431466275	0.00226316946064	0.457825119762	0.231446679524	0.56481500549	POLYGON((33499 36456, 33500 36456, 33500 36455, 33501 36455, 33502 36455, 33502 36454, 33502 36453, 33502 36452, 33502 36451, 33502 36450, 33503 36450, 33503 36449, 33504 36449, 33504 36448, 33505 36448, 33505 36447, 33506 36447, 33506 36446, 33507 36446, 33507 36445, 33508 36445, 33508 36446, 33509 36446, 33510 36446, 33511 36446, 33512 36446, 33513 36446, 33513 36445, 33514 36445, 33514 36444, 33515 36444, 33515 36445, 33516 36445, 33516 36446, 33515 36446, 33515 36447, 33514 36447, 33514 36448, 33514 36449, 33514 36450, 33514 36451, 33514 36452, 33514 36453, 33513 36453, 33513 36454, 33512 36454, 33511 36454, 33511 36455, 33510 36455, 33509 36455, 33509 36456, 33508 36456, 33507 36456, 33506 36456, 33505 36456, 33505 36457, 33504 36457, 33503 36457, 33502 36457, 33502 36458, 33501 36458, 33500 36458, 33499 36458, 33499 36457, 33499 36456))
oligoastroIII.2_40x_20x_NS-MORPH	2	32	0.776804164278	0.800676215753	0.376089885023	0.44575934521		0.579489861883	0.0156097457617	POLYGON((34270 35810, 34271 35810, 34271 35809, 34271 35808, 34272 35808, 34272 35807, 34273 35807, 34274 35807, 34274 35808, 34275 35808, 34275 35809, 34276 35809, 34276 35810, 34275 35810, 34275 35811, 34274 35811, 34274 35812, 34273 35812, 34273 35813, 34273 35814, 34272 35814, 34272 35815, 34271 35815, 34271 35814, 34270 35814, 34270 35813, 34270 35812, 34270 35811, 34270 35810))
oligoastroIII.2_40x_20x_NS-MORPH	2	33	0.715525157741	0.857649455174	0.00535153661117	0.216003280579	0.556714924237	0.292545049319	0.736599038998	POLYGON((32769 34568, 32770 34568, 32771 34568, 32771 34569, 32772 34569, 32772 34570, 32773 34570, 32773 34571, 32774 34571, 32775 34571, 32776 34571, 32777 34571, 32778 34571, 32778 34572, 32779 34572, 32779 34573, 32780 34573, 32780 34574, 32780 34575, 32780 34576, 32781 34576, 32781 34577, 32782 34577, 32782 34578, 32783 34578, 32783 34579, 32782 34579, 32782 34580, 32781 34580, 32781 34581, 32780 34581, 32780 34582, 32779 34582, 32779 34583, 32778 34583, 32778 34584, 32777 34584, 32776 34584, 32776 34585, 32775 34585, 32774 34585, 32773 34585, 32772 34585, 32771 34585, 32770 34585, 32769 34585, 32769 34584, 32769 34583, 32769 34582, 32769 34581, 32769 34580, 32769 34579, 32769 34578, 32769 34577, 32769 34576, 32769 34575, 32769 34574, 32769 34573, 32769 34572, 32769 34571, 32769 34570, 32769 34569, 32769 34568))
oligoastroIII.2_40x_20x_NS-MORPH	2	34	0.696444502295	0.487937358622	0.941946388168	0.759486724651	0.846166631012	0.587484016296	0.413096052151	POLYGON((36347 35531, 36348 35531, 36349 35531, 36350 35531, 36351 35531, 36352 35531, 36353 35531, 36354 35531, 36355 35531, 36355 35530, 36356 35530, 36357 35530, 36358 35530, 36359 35530, 36360 35530, 36361 35530, 36362 35530, 36363 35530, 36363 35531, 36364 35531, 36365 35531, 36366 35531, 36367 35531, 36368 35531, 36369 35531, 36369 35532, 36370 35532, 36370 35533, 36371 35533, 36371 35534, 36371 35535, 36372 35535, 36372 35536, 36372 35537, 36372 35538, 36372 35539, 36372 35540, 36371 35540, 36371 35541, 36370 35541, 36370 35542, 36369 35542, 36369 35543, 36368 35543, 36367 35543, 36366 35543, 36365 35543, 36365 35544, 36364 35544, 36364 35545, 36363 35545, 36363 35544, 36362 35544, 36361 35544, 36360 35544, 36359 35544, 36358 35544, 36357 35544, 36357 35543, 36356 35543, 36356 35542, 36355 35542, 36354 35542, 36354 35541, 36353 35541, 36352 35541, 36351 35541, 36351 35540, 36351 35539, 36351 35538, 36351 35537, 36351 35536, 36350 35536, 36350 35535, 36350 35534, 36350 35533, 36349 35533, 36348 35533, 36348 35532, 36347 35532, 36347 35531))
oligoastroIII.2_40x_20x_NS-MORPH	2	35	0.69201401457	0.836566352305	0.542516396704	0.634366347569	0.0294536568932	0.177659021022	0.155870939568	POLYGON((34485 34399, 34485 34398, 34486 34398, 34486 34397, 34487 34397, 34487 34396, 34488 34396, 34489 34396, 34489 34397, 34490 34397, 34490 34398, 34491 34398, 34492 34398, 34493 34398, 34494 34398, 34494 34399, 34495 34399, 34495 34400, 34496 34400, 34496 34401, 34497 34401, 34497 34402, 34498 34402, 34498 34403, 34499 34403, 34500 34403, 34501 34403, 34501 34404, 34502 34404, 34502 34405, 34501 34405, 34501 34406, 34500 34406, 34500 34407, 34499 34407, 34499 34408, 34498 34408, 34498 34409, 34497 34409, 34496 34409, 34495 34409, 34494 34409, 34493 34409, 34493 34408, 34492 34408, 34492 34407, 34491 34407, 34491 34406, 34490 34406, 34489 34406, 34489 34405, 34488 34405, 34488 34404, 34487 34404, 34487 34403, 34486 34403, 34486 34402, 34486 34401, 34486 34400, 34485 34400, 34485 34399))
oligoastroIII.2_40x_20x_NS-MORPH	2	36		0.501784359451	0.724152960812	0.38598791553	0.733075529462	0.743565504088	0.755549364241	POLYGON((35267 33654, 35268 33654, 35268 33655, 35269 33655, 35269 33656, 35270 33656, 35271 33656, 35272 33656, 35272 33657, 35273 33657, 35273 33658, 35272 33658, 35272 33659, 35271 33659, 35270 33659, 35269 33659, 35269 33658, 35268 33658, 35268 33657, 35268 33656, 35267 33656, 35267 33655, 35267 33654))
oligoastroIII.2_40x_20x_NS-MORPH	2	37		0.374445699848	0.576368187376	0.200001215149	0.7168567259	0.427489992602	0.733307321447	POLYGON((35572 32887, 35573 32887, 35574 32887, 35574 32888, 35575 32888, 35575 32889, 35576 32889, 35577 32889, 35577 32890, 35578 32890, 35579 32890, 35579 32891, 35580 32891, 35581 32891, 35581 32892, 35582 32892, 35582 32893, 35583 32893, 35583 32894, 35583 32895, 35584 32895, 35584 32896, 35585 32896, 35585 32897, 35585 32898, 35585 32899, 35584 32899, 35584 32900, 35584 32901, 35584 32902, 35584 32903, 35583 32903, 35583 32904, 35583 32905, 35582 32905, 35582 32906, 35581 32906, 35581 32907, 35580 32907, 35580 32906, 35579 32906, 35579 32905, 35578 32905, 35577 32905, 35576 32905, 35575 32905, 35574 32905, 35574 32904, 35574 32903, 35574 32902, 35574 32901, 35574 32900, 35574 32899, 35574 32898, 35574 32897, 35574 32896, 35574 32895, 35573 32895, 35573 32894, 35573 32893, 35572 32893, 35572 32892, 35573 32892, 35573 32891, 35573 32890, 35573 32889, 35573 32888, 35572 32888, 35572 32887))
oligoastroIII.2_40x_20x_NS-MORPH	2	38	0.802833931679	0.295982340264	0.302111884594	0.601052588873	0.524987265257	0.806203277252	0.707754955498	POLYGON((34119 36790, 34120 36790, 34120 36789, 34120 36788, 34121 36788, 34121 36787, 34122 36787, 34123 36787, 34124 36787, 34124 36788, 34125 36788, 34125 36789, 34126 36789, 34126 36790, 34127 36790, 34127 36791, 34128 36791, 34128 36792, 34128 36793, 34127 36793, 34127 36794, 34126 36794, 34125 36794, 34124 36794, 34123 36794, 34122 36794, 34122 36793, 34121 36793, 34121 36792, 34120 36792, 34120 36791, 34119 36791, 34119 36790))
oligoastroIII.2_40x_20x_NS-MORPH	2	39		0.559025803719	0.637683818885	0.232887492827	0.573401643734	0.288333436081	0.939629065335	POLYGON((33407 36133, 33408 36133, 33408 36132, 33408 36131, 33408 36130, 33409 36130, 33409 36129, 33410 36129, 33410 36128, 33411 36128, 33411 36127, 33412 36127, 33412 36126, 33413 36126, 33413 36127, 33414 36127, 33414 36128, 33415 36128, 33415 36129, 33416 36129, 33416 36130, 33416 36131, 33417 36131, 33417 36132, 33417 36133, 33418 36133, 33418 36134, 33418 36135, 33418 36136, 33418 36137, 33418 36138, 33417 36138, 33417 36139, 33417 36140, 33417 36141, 33417 36142, 33416 36142, 33416 36143, 33415 36143, 33415 36144, 33414 36144, 33414 36143, 33413 36143, 33412 36143, 33411 36143, 33411 36142, 33410 36142, 33410 36141, 33409 36141, 33409 36140, 33408 36140, 33408 36139, 33408 36138, 33408 36137, 33408 36136, 33407 36136, 33407 36135, 33407 36134, 33407 36133))
oligoastroIII.2_40x_20x_NS-MORPH	2	40	0.309368716214		0.160822176436	0.257215050446	0.942059590127	0.277535377592	0.873955313386	POLYGON((33694 34858, 33695 34858, 33695 34857, 33696 34857, 33696 34856, 33697 34856, 33697 34855, 33698 34855, 33698 34854, 33699 34854, 33699 34853, 33700 34853, 33700 34854, 33701 34854, 33701 34855, 33702 34855, 33702 34856, 33703 34856, 33703 34857, 33703 34858, 33703 34859, 33702 34859, 33701 34859, 33700 34859, 33699 34859, 33699 34860, 33698 34860, 33698 34861, 33697 34861, 33696 34861, 33695 34861, 33695 34860, 33694 34860, 33694 34859, 33694 34858))
oligoastroIII.2_40x_20x_NS-MORPH	2	41	0.406847188296	0.831587349221	0.163930442559		0.150983748085	0.851711301209	0.709303138442	POLYGON((33074 36435, 33075 36435, 33075 36434, 33075 36433, 33076 36433, 33076 36432, 33077 36432, 33077 36431, 33078 36431, 33078 36430, 33079 36430, 33080 36430, 33080 36431, 33080 36432, 33080 36433, 33081 36433, 33082 36433, 33083 36433, 33084 36433, 33084 36432, 33084 36431, 33085 36431, 33085 36430, 33085 36429, 33085 36428, 33085 36427, 33086 36427, 33086 36428, 33087 36428, 33087 36429, 33088 36429, 33088 36430, 33089 36430, 33089 36431, 33089 36432, 33089 36433, 33089 36434, 33089 36435, 33089 36436, 33089 36437, 33089 36438, 33088 36438, 33087 36438, 33086 36438, 33085 36438, 33084 36438, 33084 36439, 33083 36439, 33083 36438, 33082 36438, 33081 36438, 33080 36438, 33079 36438, 33079 36439, 33078 36439, 33078 36440, 33077 36440, 33077 36441, 33076 36441, 33076 36440, 33075 36440, 33075 36439, 33075 36438, 33075 36437, 33074 36437, 33074 36436, 33074 36435))
oligoastroIII.2_40x_20x_NS-MORPH	2	42	0.289011916609	0.0838010940775	0.969374360692	0.872194970636	0.172559167374	0.25906277643	0.561359344387	POLYGON((33295 36234, 33296 36234, 33296 36233, 33297 36233, 33298 36233, 33298 36232, 33299 36232, 33299 36231, 33300 36231, 33300 36230, 33301 36230, 33302 36230, 33303 36230, 33303 36231, 33304 36231, 33305 36231, 33306 36231, 33307 36231, 33307 36230, 33308 36230, 33309 36230, 33310 36230, 33310 36231, 33311 36231, 33311 36232, 33312 36232, 33312 36233, 33313 36233, 33313 36234, 33313 36235, 33314 36235, 33314 36236, 33315 36236, 33315 36237, 33316 36237, 33316 36238, 33317 36238, 33317 36239, 33317 36240, 33317 36241, 33318 36241, 33318 36242, 33317 36242, 33317 36243, 33316 36243, 33316 36244, 33316 36245, 33315 36245, 33315 36246, 33314 36246, 33314 36247, 33313 36247, 33313 36248, 33312 36248, 33312 36249, 33311 36249, 33310 36249, 33309 36249, 33308 36249, 33307 36249, 33306 36249, 33305 36249, 33304 36249, 33303 36249, 33303 36248, 33302 36248, 33301 36248, 33301 36247, 33300 36247, 33299 36247, 33299 36246, 33298 36246, 33298 36245, 33297 36245, 33297 36244, 33296 36244, 33296 36243, 33296 36242, 33296 36241, 33296 36240, 33295 36240, 33295 36239, 33295 36238, 33295 36237, 33295 36236, 33295 36235, 33295 36234))
oligoastroIII.2_40x_20x_NS-MORPH	2	43	0.0282674421705		0.692905556212	0.671041316723	0.125648463341	0.00825887129968		POLYGON((33935 36385, 33935 36384, 33935 36383, 33936 36383, 33936 36382, 33937 36382, 33937 36381, 33938 36381, 33939 36381, 33940 36381, 33940 36380, 33941 36380, 33942 36380, 33943 36380, 33944 36380, 33945 36380, 33946 36380, 33947 36380, 33948 36380, 33949 36380, 33950 36380, 33951 36380, 33951 36379, 33952 36379, 33952 36378, 33953 36378, 33953 36377, 33954 36377, 33955 36377, 33955 36376, 33956 36376, 33956 36377, 33957 36377, 33958 36377, 33959 36377, 33960 36377, 33960 36376, 33961 36376, 33961 36375, 33962 36375, 33962 36374, 33963 36374, 33964 36374, 33965 36374, 33966 36374, 33967 36374, 33968 36374, 33968 36373, 33969 36373, 33970 36373, 33971 36373, 33972 36373, 33973 36373, 33974 36373, 33975 36373, 33976 36373, 33977 36373, 33977 36372, 33978 36372, 33978 36373, 33979 36373, 33980 36373, 33981 36373, 33982 36373, 33983 36373, 33984 36373, 33984 36374, 33985 36374, 33986 36374, 33986 36375, 33987 36375, 33988 36375, 33988 36376, 33989 36376, 33990 36376, 33990 36377, 33991 36377, 33991 36378, 33992 36378, 33992 36379, 33993 36379, 33993 36380, 33993 36381, 33993 36382, 33993 36383, 33993 36384, 33993 36385, 33993 36386, 33993 36387, 33993 36388, 33993 36389, 33993 36390, 33992 36390, 33991 36390, 33990 36390, 33989 36390, 33989 36389, 33988 36389, 33987 36389, 33986 36389, 33985 36389, 33984 36389, 33984 36388, 33983 36388, 33982 36388, 33981 36388, 33980 36388, 33979 36388, 33978 36388, 33978 36387, 33977 36387, 33976 36387, 33975 36387, 33974 36387, 33973 36387, 33972 36387, 33971 36387, 33970 36387, 33969 36387, 33968 36387, 33968 36388, 33967 36388, 33967 36389, 33966 36389, 33965 36389, 33964 36389, 33964 36390, 33963 36390, 33963 36391, 33962 36391, 33962 36392, 33961 36392, 33960 36392, 33959 36392, 33958 36392, 33957 36392, 33957 36391, 33956 36391, 33955 36391, 33954 36391, 33953 36391, 33952 36391, 33951 36391, 33951 36390, 33950 36390, 33949 36390, 33948 36390, 33947 36390, 33946 36390, 33945 36390, 33944 36390, 33943 36390, 33942 36390, 33941 36390, 33940 36390, 33940 36389, 33939 36389, 33938 36389, 33937 36389, 33937 36388, 33936 36388, 33936 36387, 33935 36387, 33935 36386, 33935 36385))
oligoastroIII.2_40x_20x_NS-MORPH	2	44	0.639235464843	0.886732327899	0.0132157684423		0.188823667768	0.023388838997	0.92679808897	POLYGON((36054 34238, 36054 34237, 36055 34237, 36055 34236, 36056 34236, 36056 34235, 36057 34235, 36058 34235, 36059 34235, 36059 34236, 36059 34237, 36058 34237, 36057 34237, 36057 34238, 36056 34238, 36055 34238, 36054 34238))
oligoastroIII.2_40x_20x_NS-MORPH	2	45		0.452510543549		0.258818495797	0.326828088605	0.23343822491	0.409682946094	POLYGON((33883 35397, 33883 35396, 33883 35395, 33884 35395, 33884 35394, 33884 35393, 33885 35393, 33885 35392, 33885 35391, 33886 35391, 33886 35390, 33887 35390, 33887 35389, 33888 35389, 33888 35388, 33889 35388, 33889 35387, 33890 35387, 33891 35387, 33892 35387, 33892 35386, 33893 35386, 33893 35385, 33894 35385, 33895 35385, 33896 35385, 33897 35385, 33898 35385, 33898 35384, 33899 35384, 33899 35385, 33900 35385, 33900 35386, 33899 35386, 33899 35387, 33898 35387, 33898 35388, 33897 35388, 33897 35389, 33896 35389, 33896 35390, 33896 35391, 33895 35391, 33895 35392, 33894 35392, 33894 35393, 33893 35393, 33893 35394, 33892 35394, 33892 35395, 33891 35395, 33891 35396, 33890 35396, 33889 35396, 33888 35396, 33887 35396, 33887 35397, 33886 35397, 33885 35397, 33885 35398, 33884 35398, 33883 35398, 33883 35397))
oligoastroIII.2_40x_20x_NS-MORPH	2	46	0.893242846674	0.115082361275		0.905430348734	0.157661878713		0.758375695706	POLYGON((36342 36550, 36342 36549, 36343 36549, 36343 36548, 36344 36548, 36344 36547, 36345 36547, 36345 36546, 36346 36546, 36346 36545, 36347 36545, 36347 36544, 36348 36544, 36349 36544, 36350 36544, 36351 36544, 36352 36544, 36353 36544, 36354 36544, 36355 36544, 36355 36543, 36356 36543, 36356 36542, 36357 36542, 36358 36542, 36358 36541, 36358 36540, 36358 36539, 36358 36538, 36357 36538, 36357 36537, 36356 36537, 36356 36536, 36355 36536, 36355 36535, 36356 36535, 36356 36534, 36357 36534, 36358 36534, 36358 36535, 36359 36535, 36360 36535, 36361 36535, 36361 36536, 36362 36536, 36363 36536, 36364 36536, 36365 36536, 36366 36536, 36367 36536, 36367 36537, 36368 36537, 36368 36538, 36368 36539, 36368 36540, 36368 36541, 36369 36541, 36369 36542, 36369 36543, 36368 36543, 36368 36544, 36367 36544, 36367 36545, 36367 36546, 36367 36547, 36366 36547, 36366 36548, 36366 36549, 36366 36550, 36366 36551, 36366 36552, 36366 36553, 36366 36554, 36365 36554, 36365 36555, 36364 36555, 36364 36556, 36363 36556, 36362 36556, 36361 36556, 36361 36557, 36360 36557, 36360 36558, 36359 36558, 36359 36559, 36359 36560, 36358 36560, 36358 36561, 36357 36561, 36357 36562, 36356 36562, 36356 36563, 36355 36563, 36355 36562, 36354 36562, 36353 36562, 36353 36561, 36352 36561, 36352 36560, 36351 36560, 36351 36559, 36350 36559, 36350 36558, 36349 36558, 36348 36558, 36348 36557, 36347 36557, 36347 36556, 36346 36556, 36345 36556, 36345 36555, 36344 36555, 36344 36554, 36343 36554, 36343 36553, 36343 36552, 36343 36551, 36342 36551, 36342 36550))
oligoastroIII.2_40x_20x_NS-MORPH	2	47	0.881616974331	0.835979423199	0.702987464313	0.333474731162	0.99498816252	0.996943469239	0.598821914313	POLYGON((35345 34233, 35346 34233, 35346 34232, 35347 34232, 35347 34231, 35348 34231, 35348 34230, 35349 34230, 35350 34230, 35351 34230, 35351 34231, 35352 34231, 35352 34232, 35353 34232, 35353 34233, 35354 34233, 35355 34233, 35355 34234, 35356 34234, 35356 34235, 35357 34235, 35357 34236, 35357 34237, 35358 34237, 35358 34238, 35359 34238, 35359 34239, 35359 34240, 35358 34240, 35358 34241, 35357 34241, 35357 34242, 35356 34242, 35356 34243, 35355 34243, 35354 34243, 35354 34242, 35354 34241, 35353 34241, 35352 34241, 35352 34240, 35351 34240, 35350 34240, 35350 34239, 35349 34239, 35349 34238, 35348 34238, 35348 34237, 35347 34237, 35347 34236, 35346 34236, 35346 34235, 35345 34235, 35345 34234, 35345 34233))
oligoastroIII.2_40x_20x_NS-MORPH	2	48	0.92072615502	0.592521383493	0.896908990112	0.586396447239	0.132255996213		0.382453396995	POLYGON((35897 34855, 35898 34855, 35898 34854, 35899 34854, 35899 34853, 35900 34853, 35900 34852, 35901 34852, 35901 34851, 35901 34850, 35901 34849, 35902 34849, 35902 34848, 35903 34848, 35904 34848, 35905 34848, 35906 34848, 35906 34849, 35907 34849, 35907 34850, 35908 34850, 35909 34850, 35910 34850, 35911 34850, 35911 34851, 35912 34851, 35912 34852, 35913 34852, 35913 34853, 35914 34853, 35914 34854, 35915 34854, 35915 34855, 35915 34856, 35915 34857, 35914 34857, 35914 34858, 35913 34858, 35913 34859, 35912 34859, 35912 34860, 35912 34861, 35912 34862, 35912 34863, 35911 34863, 35911 34862, 35910 34862, 35909 34862, 35908 34862, 35907 34862, 35906 34862, 35905 34862, 35905 34861, 35904 34861, 35903 34861, 35903 34860, 35902 34860, 35901 34860, 35901 34859, 35900 34859, 35900 34858, 35899 34858, 35899 34857, 35898 34857, 35898 34856, 35897 34856, 35897 34855))
oligoastroIII.2_40x_20x_NS-MORPH	2	49		0.4196984537		0.297534070839	0.341787755927	0.21355613184	0.438533360248	POLYGON((34183 33103, 34183 33102, 34184 33102, 34184 33101, 34185 33101, 34186 33101, 34186 33100, 34187 33100, 34187 33101, 34188 33101, 34188 33102, 34189 33102, 34189 33103, 34190 33103, 34190 33104, 34189 33104, 34189 33105, 34188 33105, 34187 33105, 34187 33106, 34186 33106, 34186 33105, 34185 33105, 34184 33105, 34184 33104, 34183 33104, 34183 33103))
oligoastroIII.2_40x_20x_NS-MORPH	2	50	0.382229490146	0.432102069303	0.414415610364	0.00757850942624		0.160761334065	0.270546222233	POLYGON((34748 33592, 34749 33592, 34749 33591, 34750 33591, 34750 33590, 34750 33589, 34750 33588, 34750 33587, 34751 33587, 34752 33587, 34752 33588, 34752 33589, 34753 33589, 34753 33590, 34753 33591, 34752 33591, 34752 33592, 34751 33592, 34751 33593, 34750 33593, 34749 33593, 34748 33593, 34748 33592))
oligoastroIII.2_40x_20x_NS-MORPH	2	51	0.74472526382	0.711409908681	0.619327345448		0.123151674055	0.388707992713	0.418735676747	POLYGON((32769 35012, 32770 35012, 32771 35012, 32772 35012, 32772 35013, 32773 35013, 32773 35014, 32774 35014, 32774 35015, 32774 35016, 32774 35017, 32774 35018, 32774 35019, 32774 35020, 32773 35020, 32773 35021, 32772 35021, 32772 35022, 32771 35022, 32770 35022, 32769 35022, 32769 35021, 32769 35020, 32769 35019, 32769 35018, 32769 35017, 32769 35016, 32769 35015, 32769 35014, 32769 35013, 32769 35012))
oligoastroIII.2_40x_20x_NS-MORPH	2	52			0.145418671759	0.604335645451	0.458849631701		0.0660515758742	POLYGON((36428 33813, 36429 33813, 36429 33812, 36429 33811, 36430 33811, 36430 33810, 36430 33809, 36431 33809, 36431 33808, 36432 33808, 36432 33807, 36432 33806, 36432 33805, 36433 33805, 36433 33804, 36433 33803, 36434 33803, 36434 33802, 36435 33802, 36435 33801, 36436 33801, 36437 33801, 36437 33800, 36438 33800, 36439 33800, 36439 33799, 36440 33799, 36440 33798, 36441 33798, 36441 33797, 36442 33797, 36443 33797, 36444 33797, 36444 33796, 36445 33796, 36445 33797, 36446 33797, 36446 33798, 36447 33798, 36447 33799, 36448 33799, 36449 33799, 36449 33800, 36450 33800, 36450 33801, 36451 33801, 36451 33802, 36450 33802, 36450 33803, 36449 33803, 36448 33803, 36447 33803, 36447 33804, 36446 33804, 36446 33805, 36445 33805, 36445 33806, 36444 33806, 36443 33806, 36442 33806, 36442 33807, 36441 33807, 36441 33808, 36440 33808, 36439 33808, 36439 33809, 36438 33809, 36438 33810, 36437 33810, 36437 33811, 36436 33811, 36436 33812, 36435 33812, 36435 33813, 36434 33813, 36434 33814, 36433 33814, 36433 33815, 36432 33815, 36431 33815, 36431 33816, 36430 33816, 36430 33817, 36429 33817, 36429 33816, 36428 33816, 36428 33815, 36428 33814, 36428 33813))
oligoastroIII.2_40x_20x_NS-MORPH	2	53	0.14957436385		0.0936018955705	0.0804716229398	0.751876215217		0.105259067779	POLYGON((34890 34285, 34890 34284, 34890 34283, 34890 34282, 34891 34282, 34891 34281, 34892 34281, 34892 34282, 34893 34282, 34894 34282, 34895 34282, 34895 34283, 34896 34283, 34896 34284, 34897 34284, 34897 34285, 34898 34285, 34898 34286, 34898 34287, 34899 34287, 34899 34288, 34898 34288, 34898 34289, 34897 34289, 34896 34289, 34895 34289, 34895 34290, 34894 34290, 34893 34290, 34893 34289, 34892 34289, 34892 34288, 34891 34288, 34891 34287, 34891 34286, 34890 34286, 34890 34285))
oligoastroIII.2_40x_20x_NS-MORPH	2	54	0.047285060029	0.573043401841	0.37830363616	0.139101856082	0.613244459442	0.0600956424407	0.746647429923	POLYGON((34186 34639, 34187 34639, 34187 34638, 34187 34637, 34187 34636, 34188 34636, 34189 34636, 34190 34636, 34191 34636, 34192 34636, 34193 34636, 34194 34636, 34194 34635, 34194 34634, 34194 34633, 34194 34632, 34195 34632, 34196 34632, 34197 34632, 34198 34632, 34198 34633, 34199 34633, 34199 34634, 34199 34635, 34198 34635, 34198 34636, 34197 34636, 34197 34637, 34196 34637, 34196 34638, 34195 34638, 34194 34638, 34193 34638, 34192 34638, 34191 34638, 34190 34638, 34190 34639, 34190 34640, 34190 34641, 34189 34641, 34189 34642, 34188 34642, 34187 34642, 34187 34641, 34186 34641, 34186 34640, 34186 34639))
oligoastroIII.2_40x_20x_NS-MORPH	2	55	0.174876284166	0.769066001357	0.0800581596809	0.0258259251564			0.10527373981	POLYGON((35700 33479, 35701 33479, 35702 33479, 35703 33479, 35704 33479, 35704 33478, 35705 33478, 35705 33479, 35706 33479, 35707 33479, 35708 33479, 35709 33479, 35710 33479, 35711 33479, 35711 33480, 35712 33480, 35712 33481, 35711 33481, 35711 33482, 35710 33482, 35710 33483, 35709 33483, 35708 33483, 35707 33483, 35706 33483, 35705 33483, 35705 33482, 35704 33482, 35704 33481, 35703 33481, 35702 33481, 35702 33480, 35701 33480, 35700 33480, 35700 33479))
oligoastroIII.2_40x_20x_NS-MORPH	2	56	0.776393870969	0.342160521246	0.0881860246666	0.710091654294	0.22417815715	0.108045127301	0.277187772345	POLYGON((34547 34242, 34548 34242, 34548 34241, 34549 34241, 34549 34240, 34549 34239, 34549 34238, 34549 34237, 34550 34237, 34550 34236, 34551 34236, 34552 34236, 34552 34237, 34553 34237, 34553 34238, 34554 34238, 34555 34238, 34555 34239, 34556 34239, 34556 34240, 34557 34240, 34558 34240, 34559 34240, 34559 34241, 34560 34241, 34560 34242, 34561 34242, 34561 34243, 34561 34244, 34562 34244, 34562 34245, 34563 34245, 34563 34246, 34564 34246, 34564 34247, 34564 34248, 34563 34248, 34563 34247, 34562 34247, 34561 34247, 34560 34247, 34559 34247, 34558 34247, 34557 34247, 34556 34247, 34556 34246, 34555 34246, 34554 34246, 34554 34245, 34553 34245, 34552 34245, 34551 34245, 34550 34245, 34549 34245, 34549 34244, 34548 34244, 34548 34243, 34547 34243, 34547 34242))
oligoastroIII.2_40x_20x_NS-MORPH	2	57	0.337432126468	0.275298638629	0.476562821864	0.629067061983	0.909393608022	0.661074632977	0.481630163612	POLYGON((33593 33705, 33594 33705, 33594 33704, 33595 33704, 33595 33703, 33596 33703, 33596 33702, 33597 33702, 33598 33702, 33599 33702, 33600 33702, 33600 33703, 33601 33703, 33601 33704, 33602 33704, 33602 33705, 33602 33706, 33603 33706, 33603 33707, 33604 33707, 33604 33708, 33605 33708, 33605 33709, 33606 33709, 33606 33710, 33606 33711, 33607 33711, 33607 33712, 33608 33712, 33608 33713, 33608 33714, 33608 33715, 33609 33715, 33609 33716, 33609 33717, 33609 33718, 33609 33719, 33609 33720, 33610 33720, 33610 33721, 33609 33721, 33609 33722, 33608 33722, 33608 33723, 33607 33723, 33606 33723, 33605 33723, 33604 33723, 33603 33723, 33602 33723, 33602 33722, 33601 33722, 33601 33721, 33600 33721, 33600 33720, 33599 33720, 33599 33719, 33598 33719, 33598 33718, 33597 33718, 33597 33717, 33596 33717, 33596 33716, 33596 33715, 33596 33714, 33595 33714, 33595 33713, 33594 33713, 33594 33712, 33593 33712, 33593 33711, 33593 33710, 33593 33709, 33593 33708, 33593 33707, 33593 33706, 33593 33705))
oligoastroIII.2_40x_20x_NS-MORPH	2	58	0.686513621623	0.029005574426		0.537162211813	0.911313941706	0.522082009028	0.389595191753	POLYGON((34215 36180, 34216 36180, 34217 36180, 34218 36180, 34219 36180, 34219 36179, 34219 36178, 34220 36178, 34220 36177, 34221 36177, 34221 36176, 34222 36176, 34223 36176, 34224 36176, 34225 36176, 34226 36176, 34226 36175, 34227 36175, 34228 36175, 34229 36175, 34229 36174, 34230 36174, 34231 36174, 34232 36174, 34233 36174, 34234 36174, 34235 36174, 34236 36174, 34236 36175, 34237 36175, 34238 36175, 34239 36175, 34240 36175, 34241 36175, 34242 36175, 34243 36175, 34243 36176, 34244 36176, 34244 36177, 34245 36177, 34245 36178, 34245 36179, 34244 36179, 34244 36180, 34243 36180, 34243 36181, 34242 36181, 34242 36182, 34242 36183, 34242 36184, 34242 36185, 34242 36186, 34241 36186, 34241 36187, 34240 36187, 34239 36187, 34238 36187, 34238 36188, 34237 36188, 34237 36189, 34236 36189, 34235 36189, 34235 36190, 34234 36190, 34233 36190, 34232 36190, 34231 36190, 34230 36190, 34229 36190, 34228 36190, 34227 36190, 34227 36189, 34226 36189, 34225 36189, 34224 36189, 34223 36189, 34223 36188, 34222 36188, 34222 36187, 34221 36187, 34221 36186, 34220 36186, 34220 36185, 34219 36185, 34218 36185, 34218 36184, 34217 36184, 34217 36183, 34216 36183, 34216 36182, 34215 36182, 34215 36181, 34215 36180))
oligoastroIII.2_40x_20x_NS-MORPH	2	59	0.51044388987	0.279648294968	0.200086665242	0.171014549872	0.274438452252	0.0989285591778	0.992317267955	POLYGON((33020 34639, 33021 34639, 33021 34638, 33022 34638, 33023 34638, 33023 34637, 33024 34637, 33025 34637, 33025 34636, 33026 34636, 33026 34635, 33027 34635, 33028 34635, 33029 34635, 33030 34635, 33031 34635, 33031 34634, 33032 34634, 33033 34634, 33034 34634, 33034 34635, 33035 34635, 33036 34635, 33036 34636, 33037 34636, 33037 34637, 33038 34637, 33038 34638, 33039 34638, 33039 34639, 33040 34639, 33040 34640, 33040 34641, 33040 34642, 33040 34643, 33041 34643, 33041 34644, 33041 34645, 33040 34645, 33040 34646, 33039 34646, 33039 34647, 33039 34648, 33038 34648, 33038 34649, 33037 34649, 33037 34650, 33036 34650, 33036 34651, 33035 34651, 33035 34652, 33034 34652, 33034 34653, 33033 34653, 33032 34653, 33031 34653, 33030 34653, 33029 34653, 33028 34653, 33027 34653, 33027 34652, 33026 34652, 33026 34651, 33026 34650, 33025 34650, 33025 34649, 33024 34649, 33024 34648, 33023 34648, 33023 34647, 33022 34647, 33022 34646, 33021 34646, 33021 34645, 33021 34644, 33020 34644, 33020 34643, 33020 34642, 33020 34641, 33020 34640, 33020 34639))
oligoastroIII.2_40x_20x_NS-MORPH	2	60	0.760574231906	0.172277873433		0.129532069224	0.271451848747	0.558551980572	0.336985097868	POLYGON((34415 34204, 34415 34203, 34416 34203, 34416 34202, 34416 34201, 34416 34200, 34416 34199, 34416 34198, 34416 34197, 34417 34197, 34417 34196, 34418 34196, 34418 34195, 34419 34195, 34419 34194, 34420 34194, 34420 34193, 34421 34193, 34421 34194, 34421 34195, 34421 34196, 34421 34197, 34420 34197, 34420 34198, 34419 34198, 34419 34199, 34418 34199, 34418 34200, 34417 34200, 34417 34201, 34417 34202, 34417 34203, 34417 34204, 34417 34205, 34417 34206, 34417 34207, 34416 34207, 34416 34206, 34415 34206, 34415 34205, 34415 34204))
oligoastroIII.2_40x_20x_NS-MORPH	2	61	0.382514910107	0.219351041681	0.802166703295	0.00651736446038	0.72332624891	0.160373260726	0.539693451154	POLYGON((34268 32784, 34268 32783, 34269 32783, 34269 32782, 34270 32782, 34270 32781, 34271 32781, 34271 32780, 34272 32780, 34273 32780, 34273 32779, 34274 32779, 34274 32778, 34275 32778, 34276 32778, 34276 32777, 34277 32777, 34277 32776, 34278 32776, 34279 32776, 34280 32776, 34280 32775, 34281 32775, 34282 32775, 34283 32775, 34283 32776, 34284 32776, 34284 32777, 34285 32777, 34285 32778, 34285 32779, 34286 32779, 34286 32780, 34286 32781, 34286 32782, 34286 32783, 34285 32783, 34285 32784, 34285 32785, 34285 32786, 34285 32787, 34284 32787, 34284 32788, 34283 32788, 34283 32789, 34282 32789, 34281 32789, 34281 32790, 34280 32790, 34280 32791, 34279 32791, 34279 32792, 34278 32792, 34277 32792, 34276 32792, 34276 32793, 34275 32793, 34275 32792, 34274 32792, 34274 32791, 34273 32791, 34272 32791, 34272 32790, 34271 32790, 34270 32790, 34270 32789, 34269 32789, 34269 32788, 34268 32788, 34268 32787, 34268 32786, 34268 32785, 34268 32784))
oligoastroIII.2_40x_20x_NS-MORPH	2	62	0.607601823023		0.457007787001	0.506505173243	0.386166805204	0.730491450447	0.078691399237	POLYGON((36195 34405, 36196 34405, 36196 34404, 36196 34403, 36196 34402, 36197 34402, 36197 34401, 36198 34401, 36198 34400, 36199 34400, 36200 34400, 36200 34399, 36201 34399, 36202 34399, 36203 34399, 36203 34400, 36204 34400, 36204 34401, 36205 34401, 36206 34401, 36207 34401, 36207 34402, 36208 34402, 36208 34403, 36209 34403, 36209 34404, 36210 34404, 36210 34405, 36210 34406, 36210 34407, 36209 34407, 36209 34408, 36208 34408, 36207 34408, 36206 34408, 36206 34409, 36205 34409, 36204 34409, 36203 34409, 36202 34409, 36201 34409, 36200 34409, 36199 34409, 36198 34409, 36198 34410, 36197 34410, 36197 34411, 36196 34411, 36196 34410, 36195 34410, 36195 34409, 36195 34408, 36195 34407, 36195 34406, 36195 34405))
oligoastroIII.2_40x_20x_NS-MORPH	2	63	0.380616772161	0.204792545675		0.0445675133126	0.686465169035	0.685931481591	0.722258533493	POLYGON((35830 35484, 35831 35484, 35831 35483, 35831 35482, 35831 35481, 35832 35481, 35832 35480, 35833 35480, 35833 35479, 35834 35479, 35834 35478, 35835 35478, 35835 35477, 35835 35476, 35835 35475, 35835 35474, 35835 35473, 35836 35473, 35837 35473, 35837 35474, 35838 35474, 35838 35475, 35838 35476, 35838 35477, 35839 35477, 35839 35478, 35840 35478, 35840 35479, 35841 35479, 35841 35480, 35841 35481, 35842 35481, 35842 35482, 35843 35482, 35843 35483, 35844 35483, 35844 35484, 35844 35485, 35844 35486, 35845 35486, 35845 35487, 35844 35487, 35844 35488, 35843 35488, 35843 35489, 35842 35489, 35842 35490, 35842 35491, 35841 35491, 35841 35492, 35840 35492, 35840 35493, 35839 35493, 35838 35493, 35837 35493, 35836 35493, 35836 35492, 35835 35492, 35834 35492, 35834 35491, 35833 35491, 35833 35490, 35832 35490, 35832 35489, 35831 35489, 35831 35488, 35830 35488, 35830 35487, 35830 35486, 35830 35485, 35830 35484))
oligoastroIII.2_40x_20x_NS-MORPH	2	64	0.773009169886	0.313811998203	0.0649175646906	0.171106157753	0.528048130759	0.202378920317	0.78863392525	POLYGON((33663 35727, 33664 35727, 33664 35726, 33665 35726, 33665 35725, 33666 35725, 33666 35724, 33667 35724, 33668 35724, 33668 35723, 33669 35723, 33670 35723, 33671 35723, 33672 35723, 33672 35724, 33673 35724, 33674 35724, 33674 35725, 33675 35725, 33675 35726, 33676 35726, 33676 35727, 33677 35727, 33677 35728, 33678 35728, 33678 35729, 33679 35729, 33679 35730, 33680 35730, 33680 35731, 33680 35732, 33679 35732, 33679 35733, 33678 35733, 33678 35734, 33677 35734, 33677 35735, 33676 35735, 33675 35735, 33675 35736, 33674 35736, 33673 35736, 33672 35736, 33672 35735, 33671 35735, 33670 35735, 33670 35734, 33669 35734, 33668 35734, 33668 35733, 33667 35733, 33666 35733, 33666 35732, 33665 35732, 33665 35731, 33664 35731, 33664 35730, 33664 35729, 33663 35729, 33663 35728, 33663 35727))
oligoastroIII.2_40x_20x_NS-MORPH	2	65	0.358961065154	0.113889630547	0.474721818618	0.348778191707	0.779215511937	0.263651430171	0.830424994315	POLYGON((34067 33412, 34068 33412, 34068 33411, 34069 33411, 34070 33411, 34071 33411, 34071 33410, 34071 33409, 34071 33408, 34071 33407, 34071 33406, 34072 33406, 34072 33405, 34073 33405, 34073 33404, 34074 33404, 34075 33404, 34075 33403, 34076 33403, 34077 33403, 34078 33403, 34079 33403, 34079 33404, 34080 33404, 34081 33404, 34081 33405, 34082 33405, 34082 33406, 34083 33406, 34083 33407, 34083 33408, 34084 33408, 34084 33409, 34084 33410, 34083 33410, 34083 33411, 34083 33412, 34083 33413, 34083 33414, 34082 33414, 34082 33415, 34081 33415, 34080 33415, 34079 33415, 34079 33416, 34078 33416, 34078 33417, 34077 33417, 34076 33417, 34075 33417, 34074 33417, 34073 33417, 34072 33417, 34071 33417, 34071 33416, 34070 33416, 34070 33415, 34069 33415, 34069 33414, 34068 33414, 34068 33413, 34067 33413, 34067 33412))
oligoastroIII.2_40x_20x_NS-MORPH	2	66	0.609222939718	0.450167372461	0.453744341922		0.364929952364	0.164372959232	0.482810373984	POLYGON((35410 33296, 35411 33296, 35411 33295, 35412 33295, 35412 33294, 35412 33293, 35413 33293, 35413 33292, 35414 33292, 35414 33291, 35415 33291, 35416 33291, 35417 33291, 35418 33291, 35419 33291, 35420 33291, 35421 33291, 35422 33291, 35423 33291, 35423 33292, 35424 33292, 35424 33293, 35425 33293, 35425 33294, 35426 33294, 35426 33295, 35427 33295, 35427 33296, 35428 33296, 35428 33297, 35429 33297, 35429 33298, 35429 33299, 35429 33300, 35429 33301, 35428 33301, 35428 33302, 35427 33302, 35427 33303, 35426 33303, 35425 33303, 35425 33304, 35424 33304, 35423 33304, 35422 33304, 35421 33304, 35420 33304, 35419 33304, 35418 33304, 35417 33304, 35416 33304, 35415 33304, 35415 33303, 35414 33303, 35414 33302, 35413 33302, 35413 33301, 35412 33301, 35412 33300, 35411 33300, 35411 33299, 35411 33298, 35410 33298, 35410 33297, 35410 33296))
oligoastroIII.2_40x_20x_NS-MORPH	2	67	0.540797725809	0.212549778471	0.557521124349	0.256346556845	0.721902624156	0.0713850647443	0.341646432114	POLYGON((32895 33625, 32896 33625, 32896 33624, 32896 33623, 32897 33623, 32897 33622, 32897 33621, 32898 33621, 32898 33620, 32899 33620, 32899 33619, 32900 33619, 32900 33618, 32901 33618, 32902 33618, 32903 33618, 32903 33619, 32904 33619, 32904 33620, 32905 33620, 32905 33621, 32906 33621, 32906 33622, 32906 33623, 32907 33623, 32907 33624, 32907 33625, 32907 33626, 32906 33626, 32906 33627, 32905 33627, 32905 33628, 32904 33628, 32904 33629, 32903 33629, 32903 33630, 32903 33631, 32903 33632, 32903 33633, 32902 33633, 32901 33633, 32900 33633, 32899 33633, 32899 33632, 32898 33632, 32897 33632, 32897 33631, 32896 33631, 32896 33630, 32895 33630, 32895 33629, 32895 33628, 32895 33627, 32895 33626, 32895 33625))
oligoastroIII.2_40x_20x_NS-MORPH	2	68	0.569892083015	0.0600792315174	0.366817307804	0.606499112585	0.936210674035	0.572363596984		POLYGON((33398 33860, 33399 33860, 33399 33859, 33399 33858, 33399 33857, 33399 33856, 33399 33855, 33400 33855, 33400 33854, 33401 33854, 33401 33853, 33402 33853, 33402 33852, 33403 33852, 33403 33851, 33404 33851, 33405 33851, 33406 33851, 33407 33851, 33407 33852, 33408 33852, 33409 33852, 33409 33853, 33410 33853, 33410 33854, 33411 33854, 33412 33854, 33412 33855, 33413 33855, 33413 33856, 33414 33856, 33414 33857, 33415 33857, 33415 33858, 33416 33858, 33416 33859, 33417 33859, 33417 33860, 33417 33861, 33416 33861, 33416 33862, 33415 33862, 33414 33862, 33413 33862, 33413 33863, 33413 33864, 33413 33865, 33413 33866, 33414 33866, 33414 33867, 33414 33868, 33414 33869, 33413 33869, 33413 33870, 33412 33870, 33411 33870, 33411 33871, 33410 33871, 33409 33871, 33408 33871, 33407 33871, 33406 33871, 33405 33871, 33404 33871, 33403 33871, 33402 33871, 33401 33871, 33401 33870, 33400 33870, 33400 33869, 33399 33869, 33399 33868, 33399 33867, 33399 33866, 33399 33865, 33398 33865, 33398 33864, 33398 33863, 33398 33862, 33398 33861, 33398 33860))
oligoastroIII.2_40x_20x_NS-MORPH	2	69	0.469128308993	0.611175468904	0.752157002767	0.147095819765	0.976983374498	0.752314438089		POLYGON((35099 32883, 35100 32883, 35100 32882, 35100 32881, 35101 32881, 35101 32880, 35102 32880, 35102 32881, 35103 32881, 35103 32882, 35104 32882, 35104 32883, 35105 32883, 35105 32884, 35105 32885, 35106 32885, 35106 32886, 35106 32887, 35105 32887, 35105 32888, 35104 32888, 35104 32889, 35103 32889, 35102 32889, 35102 32888, 35101 32888, 35101 32887, 35100 32887, 35100 32886, 35100 32885, 35099 32885, 35099 32884, 35099 32883))
oligoastroIII.2_40x_20x_NS-MORPH	2	70	0.163629104735	0.342824902492	0.470594059298	0.53109391786	0.93181756759	0.640915463745	0.0930762707489	POLYGON((33966 34663, 33967 34663, 33967 34662, 33968 34662, 33969 34662, 33969 34661, 33970 34661, 33970 34660, 33971 34660, 33971 34659, 33972 34659, 33973 34659, 33973 34660, 33972 34660, 33972 34661, 33971 34661, 33971 34662, 33971 34663, 33971 34664, 33971 34665, 33972 34665, 33973 34665, 33974 34665, 33975 34665, 33976 34665, 33977 34665, 33978 34665, 33978 34666, 33977 34666, 33976 34666, 33976 34667, 33975 34667, 33974 34667, 33974 34666, 33973 34666, 33972 34666, 33971 34666, 33970 34666, 33969 34666, 33968 34666, 33968 34665, 33967 34665, 33967 34664, 33966 34664, 33966 34663))
oligoastroIII.2_40x_20x_NS-MORPH	2	71	0.701909342729	0.892644166595	0.809768677575	0.554214458053	0.611075900535	0.579345184597	0.0352870598378	POLYGON((35328 34622, 35329 34622, 35329 34621, 35329 34620, 35330 34620, 35330 34619, 35331 34619, 35331 34618, 35332 34618, 35332 34617, 35333 34617, 35334 34617, 35334 34616, 35335 34616, 35335 34615, 35336 34615, 35336 34614, 35337 34614, 35338 34614, 35339 34614, 35340 34614, 35341 34614, 35342 34614, 35343 34614, 35343 34613, 35344 34613, 35345 34613, 35345 34614, 35345 34615, 35345 34616, 35345 34617, 35346 34617, 35346 34618, 35347 34618, 35347 34619, 35347 34620, 35348 34620, 35349 34620, 35350 34620, 35350 34621, 35349 34621, 35348 34621, 35348 34622, 35347 34622, 35347 34623, 35346 34623, 35346 34624, 35346 34625, 35346 34626, 35346 34627, 35345 34627, 35345 34628, 35344 34628, 35343 34628, 35342 34628, 35341 34628, 35341 34629, 35340 34629, 35339 34629, 35338 34629, 35338 34628, 35337 34628, 35336 34628, 35335 34628, 35335 34627, 35334 34627, 35333 34627, 35332 34627, 35331 34627, 35330 34627, 35330 34626, 35329 34626, 35329 34625, 35328 34625, 35328 34624, 35328 34623, 35328 34622))
oligoastroIII.2_40x_20x_NS-MORPH	2	72	0.323112511724	0.131717424547	0.845789990521	0.686375804388	0.0212311374673		0.436251386284	POLYGON((34092 34349, 34092 34348, 34093 34348, 34093 34347, 34093 34346, 34093 34345, 34094 34345, 34094 34344, 34095 34344, 34095 34343, 34096 34343, 34097 34343, 34097 34342, 34098 34342, 34098 34343, 34099 34343, 34099 34344, 34100 34344, 34100 34345, 34101 34345, 34102 34345, 34103 34345, 34104 34345, 34105 34345, 34106 34345, 34106 34346, 34107 34346, 34107 34347, 34108 34347, 34108 34348, 34108 34349, 34107 34349, 34107 34350, 34107 34351, 34106 34351, 34106 34352, 34106 34353, 34106 34354, 34106 34355, 34106 34356, 34106 34357, 34106 34358, 34106 34359, 34106 34360, 34106 34361, 34107 34361, 34107 34362, 34107 34363, 34107 34364, 34106 34364, 34106 34365, 34105 34365, 34105 34366, 34104 34366, 34103 34366, 34103 34367, 34102 34367, 34101 34367, 34100 34367, 34100 34368, 34099 34368, 34098 34368, 34098 34367, 34097 34367, 34097 34366, 34098 34366, 34098 34365, 34099 34365, 34100 34365, 34101 34365, 34101 34364, 34102 34364, 34103 34364, 34104 34364, 34105 34364, 34105 34363, 34105 34362, 34105 34361, 34105 34360, 34104 34360, 34104 34359, 34103 34359, 34103 34358, 34102 34358, 34102 34357, 34101 34357, 34100 34357, 34100 34356, 34099 34356, 34099 34355, 34098 34355, 34098 34354, 34098 34353, 34098 34352, 34098 34351, 34097 34351, 34097 34350, 34096 34350, 34095 34350, 34095 34349, 34094 34349, 34093 34349, 34092 34349))
oligoastroIII.2_40x_20x_NS-MORPH	2	73	0.609383474794	0.514844228471	0.804648159017	0.103929156066	0.172577626805	0.647660929806	0.267889984806	POLYGON((34412 33774, 34412 33773, 34412 33772, 34412 33771, 34412 33770, 34413 33770, 34413 33769, 34414 33769, 34414 33768, 34415 33768, 34415 33767, 34416 33767, 34416 33766, 34417 33766, 34417 33765, 34418 33765, 34419 33765, 34419 33766, 34420 33766, 34420 33767, 34421 33767, 34421 33768, 34422 33768, 34422 33769, 34422 33770, 34422 33771, 34421 33771, 34421 33772, 34420 33772, 34420 33773, 34419 33773, 34419 33774, 34418 33774, 34418 33775, 34417 33775, 34416 33775, 34415 33775, 34414 33775, 34413 33775, 34412 33775, 34412 33774))
oligoastroIII.2_40x_20x_NS-MORPH	2	74		0.254413591303	0.962586557587	0.732779489581	0.885252379338	0.908942674711		POLYGON((34685 34653, 34686 34653, 34687 34653, 34688 34653, 34689 34653, 34690 34653, 34690 34652, 34691 34652, 34692 34652, 34692 34651, 34692 34650, 34692 34649, 34693 34649, 34694 34649, 34694 34650, 34695 34650, 34696 34650, 34697 34650, 34698 34650, 34699 34650, 34700 34650, 34701 34650, 34702 34650, 34703 34650, 34704 34650, 34705 34650, 34705 34651, 34705 34652, 34705 34653, 34705 34654, 34705 34655, 34705 34656, 34706 34656, 34706 34657, 34706 34658, 34706 34659, 34706 34660, 34706 34661, 34706 34662, 34706 34663, 34706 34664, 34707 34664, 34707 34665, 34707 34666, 34707 34667, 34706 34667, 34705 34667, 34704 34667, 34704 34666, 34704 34665, 34704 34664, 34703 34664, 34702 34664, 34701 34664, 34700 34664, 34700 34665, 34699 34665, 34698 34665, 34697 34665, 34696 34665, 34695 34665, 34694 34665, 34694 34664, 34693 34664, 34692 34664, 34691 34664, 34690 34664, 34690 34663, 34690 34662, 34690 34661, 34690 34660, 34690 34659, 34689 34659, 34689 34658, 34688 34658, 34688 34657, 34688 34656, 34687 34656, 34687 34655, 34686 34655, 34686 34654, 34685 34654, 34685 34653))
oligoastroIII.2_40x_20x_NS-MORPH	2	75	0.201052917833	0.0573704391073	0.327536705666	0.95742372528	0.803017943611		0.510108743023	POLYGON((33688 36607, 33689 36607, 33689 36606, 33690 36606, 33690 36605, 33691 36605, 33691 36604, 33692 36604, 33693 36604, 33693 36603, 33694 36603, 33694 36602, 33695 36602, 33696 36602, 33697 36602, 33697 36603, 33698 36603, 33699 36603, 33700 36603, 33700 36604, 33700 36605, 33701 36605, 33702 36605, 33702 36606, 33703 36606, 33704 36606, 33704 36607, 33705 36607, 33706 36607, 33707 36607, 33707 36608, 33708 36608, 33708 36609, 33707 36609, 33706 36609, 33705 36609, 33704 36609, 33703 36609, 33702 36609, 33702 36610, 33701 36610, 33701 36611, 33701 36612, 33700 36612, 33700 36613, 33699 36613, 33699 36614, 33698 36614, 33698 36615, 33698 36616, 33697 36616, 33697 36617, 33696 36617, 33696 36618, 33695 36618, 33694 36618, 33693 36618, 33692 36618, 33692 36619, 33691 36619, 33691 36618, 33690 36618, 33690 36617, 33689 36617, 33689 36616, 33688 36616, 33688 36615, 33688 36614, 33688 36613, 33688 36612, 33688 36611, 33688 36610, 33688 36609, 33688 36608, 33688 36607))
oligoastroIII.2_40x_20x_NS-MORPH	2	76	0.73319786236	0.0165574543266	0.202070139699	0.580584883871	0.863483661346	0.719949213776	0.501204105649	POLYGON((35688 33771, 35688 33770, 35688 33769, 35689 33769, 35689 33768, 35690 33768, 35690 33767, 35691 33767, 35692 33767, 35693 33767, 35694 33767, 35695 33767, 35696 33767, 35697 33767, 35698 33767, 35699 33767, 35700 33767, 35701 33767, 35702 33767, 35703 33767, 35703 33768, 35704 33768, 35704 33769, 35705 33769, 35705 33770, 35705 33771, 35704 33771, 35704 33772, 35704 33773, 35704 33774, 35704 33775, 35703 33775, 35702 33775, 35701 33775, 35700 33775, 35699 33775, 35699 33776, 35698 33776, 35697 33776, 35696 33776, 35696 33775, 35695 33775, 35695 33774, 35694 33774, 35693 33774, 35692 33774, 35691 33774, 35690 33774, 35689 33774, 35689 33773, 35688 33773, 35688 33772, 35688 33771))
oligoastroIII.2_40x_20x_NS-MORPH	2	77	0.748407054967	0.592588928008	0.552971431425	0.468096953816	0.0814493054349	0.578281447541	0.173511392833	POLYGON((36217 33355, 36217 33354, 36218 33354, 36219 33354, 36220 33354, 36221 33354, 36222 33354, 36223 33354, 36224 33354, 36225 33354, 36226 33354, 36226 33353, 36226 33352, 36226 33351, 36227 33351, 36227 33350, 36228 33350, 36228 33349, 36229 33349, 36230 33349, 36231 33349, 36232 33349, 36232 33348, 36233 33348, 36233 33347, 36234 33347, 36234 33346, 36235 33346, 36236 33346, 36237 33346, 36238 33346, 36239 33346, 36239 33345, 36240 33345, 36241 33345, 36242 33345, 36242 33346, 36243 33346, 36244 33346, 36245 33346, 36246 33346, 36247 33346, 36248 33346, 36249 33346, 36250 33346, 36251 33346, 36251 33345, 36252 33345, 36253 33345, 36254 33345, 36255 33345, 36256 33345, 36256 33344, 36257 33344, 36258 33344, 36259 33344, 36260 33344, 36261 33344, 36261 33345, 36261 33346, 36260 33346, 36260 33347, 36259 33347, 36259 33348, 36258 33348, 36258 33349, 36257 33349, 36257 33350, 36256 33350, 36256 33351, 36256 33352, 36255 33352, 36255 33353, 36254 33353, 36254 33354, 36253 33354, 36253 33355, 36252 33355, 36252 33354, 36251 33354, 36251 33353, 36250 33353, 36249 33353, 36248 33353, 36247 33353, 36246 33353, 36245 33353, 36244 33353, 36244 33354, 36243 33354, 36242 33354, 36242 33355, 36241 33355, 36241 33356, 36240 33356, 36240 33357, 36239 33357, 36239 33358, 36239 33359, 36238 33359, 36238 33360, 36237 33360, 36237 33361, 36236 33361, 36236 33362, 36235 33362, 36235 33363, 36234 33363, 36233 33363, 36232 33363, 36232 33364, 36231 33364, 36230 33364, 36230 33363, 36229 33363, 36229 33362, 36228 33362, 36228 33361, 36227 33361, 36227 33360, 36226 33360, 36226 33359, 36225 33359, 36225 33358, 36225 33357, 36224 33357, 36223 33357, 36222 33357, 36221 33357, 36220 33357, 36219 33357, 36218 33357, 36218 33356, 36217 33356, 36217 33355))
oligoastroIII.2_40x_20x_NS-MORPH	2	78	0.1207423603	0.662783232958	0.79376241283	0.464092449287		0.507316409615	0.560011135558	POLYGON((36536 34979, 36537 34979, 36537 34978, 36538 34978, 36538 34977, 36538 34976, 36539 34976, 36539 34975, 36540 34975, 36540 34974, 36541 34974, 36542 34974, 36543 34974, 36543 34973, 36544 34973, 36545 34973, 36545 34974, 36546 34974, 36546 34975, 36547 34975, 36548 34975, 36548 34976, 36549 34976, 36550 34976, 36551 34976, 36552 34976, 36553 34976, 36553 34977, 36554 34977, 36554 34978, 36555 34978, 36556 34978, 36556 34979, 36556 34980, 36556 34981, 36556 34982, 36556 34983, 36556 34984, 36556 34985, 36556 34986, 36556 34987, 36556 34988, 36556 34989, 36557 34989, 36557 34990, 36557 34991, 36557 34992, 36556 34992, 36555 34992, 36554 34992, 36554 34993, 36553 34993, 36552 34993, 36551 34993, 36550 34993, 36550 34994, 36549 34994, 36549 34995, 36548 34995, 36547 34995, 36547 34994, 36546 34994, 36546 34993, 36546 34992, 36545 34992, 36544 34992, 36543 34992, 36543 34991, 36542 34991, 36541 34991, 36541 34990, 36540 34990, 36540 34989, 36539 34989, 36539 34988, 36538 34988, 36538 34987, 36538 34986, 36537 34986, 36537 34985, 36537 34984, 36536 34984, 36536 34983, 36536 34982, 36536 34981, 36536 34980, 36536 34979))
oligoastroIII.2_40x_20x_NS-MORPH	2	79	0.370815614349	0.747883227389	0.604069739736	0.98396545359	0.352934080718	0.602745508211	0.0214214610689	POLYGON((33427 36082, 33428 36082, 33428 36081, 33429 36081, 33429 36080, 33430 36080, 33431 36080, 33432 36080, 33433 36080, 33434 36080, 33434 36079, 33435 36079, 33436 36079, 33437 36079, 33437 36078, 33438 36078, 33438 36077, 33439 36077, 33439 36076, 33440 36076, 33440 36077, 33441 36077, 33441 36078, 33442 36078, 33443 36078, 33443 36079, 33444 36079, 33444 36080, 33445 36080, 33445 36081, 33445 36082, 33444 36082, 33444 36083, 33444 36084, 33443 36084, 33443 36085, 33443 36086, 33442 36086, 33442 36087, 33441 36087, 33441 36088, 33440 36088, 33439 36088, 33439 36089, 33438 36089, 33437 36089, 33436 36089, 33435 36089, 33435 36090, 33434 36090, 33433 36090, 33433 36089, 33432 36089, 33432 36088, 33431 36088, 33431 36087, 33430 36087, 33429 36087, 33429 36086, 33428 36086, 33428 36085, 33427 36085, 33427 36084, 33427 36083, 33427 36082))
oligoastroIII.2_40x_20x_NS-MORPH	2	80	0.992892007973				0.289469658461	0.33998597642	0.235771257169	POLYGON((35422 35411, 35423 35411, 35423 35410, 35424 35410, 35424 35409, 35425 35409, 35426 35409, 35427 35409, 35428 35409, 35428 35410, 35429 35410, 35430 35410, 35431 35410, 35431 35411, 35432 35411, 35432 35412, 35432 35413, 35432 35414, 35433 35414, 35434 35414, 35435 35414, 35436 35414, 35436 35415, 35437 35415, 35437 35416, 35437 35417, 35437 35418, 35436 35418, 35435 35418, 35434 35418, 35433 35418, 35433 35419, 35432 35419, 35432 35420, 35431 35420, 35430 35420, 35430 35419, 35429 35419, 35428 35419, 35427 35419, 35426 35419, 35426 35418, 35425 35418, 35425 35417, 35424 35417, 35424 35416, 35423 35416, 35423 35415, 35422 35415, 35422 35414, 35422 35413, 35422 35412, 35422 35411))
oligoastroIII.2_40x_20x_NS-MORPH	2	81		0.503255851417	0.2306121617		0.927365334468	0.818376800691	0.761568599202	POLYGON((34613 35282, 34613 35281, 34613 35280, 34613 35279, 34614 35279, 34614 35278, 34615 35278, 34615 35277, 34616 35277, 34617 35277, 34618 35277, 34618 35276, 34619 35276, 34620 35276, 34621 35276, 34622 35276, 34623 35276, 34624 35276, 34625 35276, 34625 35277, 34626 35277, 34626 35278, 34627 35278, 34627 35279, 34627 35280, 34628 35280, 34628 35281, 34628 35282, 34628 35283, 34628 35284, 34627 35284, 34627 35285, 34626 35285, 34626 35286, 34625 35286, 34625 35287, 34624 35287, 34624 35288, 34623 35288, 34622 35288, 34622 35289, 34621 35289, 34620 35289, 34619 35289, 34619 35288, 34618 35288, 34617 35288, 34617 35287, 34616 35287, 34616 35286, 34615 35286, 34615 35285, 34614 35285, 34614 35284, 34613 35284, 34613 35283, 34613 35282))
oligoastroIII.2_40x_20x_NS-MORPH	2	82	0.388720383992		0.712476343831	0.895302089614	0.433663064537	0.255033915456	0.269018144851	POLYGON((35320 35470, 35321 35470, 35321 35469, 35322 35469, 35322 35468, 35323 35468, 35323 35467, 35324 35467, 35325 35467, 35326 35467, 35326 35466, 35327 35466, 35328 35466, 35329 35466, 35329 35467, 35330 35467, 35330 35468, 35331 35468, 35331 35469, 35332 35469, 35332 35470, 35332 35471, 35332 35472, 35332 35473, 35332 35474, 35332 35475, 35331 35475, 35331 35476, 35331 35477, 35330 35477, 35330 35478, 35329 35478, 35329 35479, 35328 35479, 35328 35480, 35327 35480, 35327 35481, 35326 35481, 35325 35481, 35324 35481, 35324 35480, 35323 35480, 35323 35479, 35322 35479, 35322 35478, 35322 35477, 35322 35476, 35321 35476, 35321 35475, 35321 35474, 35320 35474, 35320 35473, 35320 35472, 35320 35471, 35320 35470))
oligoastroIII.2_40x_20x_NS-MORPH	2	83	0.047747111614	0.877624995016	0.221990382441	0.792392244211	0.265452210497			POLYGON((34854 36471, 34855 36471, 34855 36470, 34855 36469, 34855 36468, 34855 36467, 34855 36466, 34856 36466, 34856 36465, 34856 36464, 34857 36464, 34857 36463, 34858 36463, 34859 36463, 34860 36463, 34861 36463, 34862 36463, 34862 36462, 34863 36462, 34864 36462, 34865 36462, 34866 36462, 34867 36462, 34868 36462, 34868 36463, 34869 36463, 34870 36463, 34871 36463, 34872 36463, 34873 36463, 34873 36462, 34873 36461, 34874 36461, 34874 36460, 34875 36460, 34876 36460, 34876 36461, 34877 36461, 34877 36462, 34876 36462, 34876 36463, 34875 36463, 34875 36464, 34874 36464, 34874 36465, 34874 36466, 34874 36467, 34874 36468, 34875 36468, 34875 36469, 34875 36470, 34875 36471, 34875 36472, 34875 36473, 34874 36473, 34874 36474, 34874 36475, 34874 36476, 34873 36476, 34873 36477, 34872 36477, 34871 36477, 34870 36477, 34869 36477, 34868 36477, 34867 36477, 34867 36476, 34866 36476, 34865 36476, 34864 36476, 34863 36476, 34862 36476, 34862 36475, 34861 36475, 34860 36475, 34859 36475, 34858 36475, 34857 36475, 34856 36475, 34856 36474, 34855 36474, 34854 36474, 34854 36473, 34854 36472, 34854 36471))
oligoastroIII.2_40x_20x_NS-MORPH	2	84	0.739575011278		0.814187586034	0.131049281377	0.0137239198044	0.353327846489	0.120396478966	POLYGON((36034 36199, 36035 36199, 36035 36198, 36036 36198, 36036 36197, 36037 36197, 36037 36196, 36038 36196, 36038 36195, 36038 36194, 36038 36193, 36038 36192, 36039 36192, 36039 36193, 36040 36193, 36040 36194, 36041 36194, 36042 36194, 36043 36194, 36043 36195, 36044 36195, 36045 36195, 36046 36195, 36047 36195, 36048 36195, 36049 36195, 36049 36196, 36050 36196, 36051 36196, 36051 36197, 36052 36197, 36052 36198, 36053 36198, 36053 36199, 36053 36200, 36053 36201, 36053 36202, 36053 36203, 36053 36204, 36053 36205, 36053 36206, 36053 36207, 36052 36207, 36052 36208, 36051 36208, 36050 36208, 36049 36208, 36049 36209, 36049 36210, 36049 36211, 36049 36212, 36048 36212, 36048 36213, 36047 36213, 36047 36214, 36046 36214, 36045 36214, 36045 36215, 36044 36215, 36044 36214, 36044 36213, 36044 36212, 36044 36211, 36044 36210, 36043 36210, 36042 36210, 36042 36209, 36041 36209, 36041 36208, 36040 36208, 36040 36207, 36039 36207, 36039 36206, 36038 36206, 36037 36206, 36037 36205, 36036 36205, 36036 36204, 36035 36204, 36035 36203, 36034 36203, 36034 36202, 36034 36201, 36034 36200, 36034 36199))
oligoastroIII.2_40x_20x_NS-MORPH	2	85	0.617797111107	0.895695860123	0.965676156838		0.580009444227	0.287252777357	0.114015540244	POLYGON((36590 35087, 36591 35087, 36591 35086, 36592 35086, 36592 35085, 36593 35085, 36593 35084, 36594 35084, 36595 35084, 36596 35084, 36597 35084, 36598 35084, 36599 35084, 36599 35085, 36600 35085, 36600 35086, 36601 35086, 36601 35087, 36602 35087, 36602 35088, 36603 35088, 36603 35089, 36603 35090, 36603 35091, 36603 35092, 36603 35093, 36603 35094, 36603 35095, 36603 35096, 36603 35097, 36603 35098, 36602 35098, 36601 35098, 36600 35098, 36599 35098, 36599 35099, 36598 35099, 36597 35099, 36596 35099, 36596 35098, 36595 35098, 36594 35098, 36594 35097, 36593 35097, 36593 35096, 36592 35096, 36592 35095, 36592 35094, 36591 35094, 36591 35093, 36591 35092, 36591 35091, 36590 35091, 36590 35090, 36590 35089, 36590 35088, 36590 35087))
oligoastroIII.2_40x_20x_NS-MORPH	2	86	0.53507895108	0.699973499034	0.20196784149	0.900224057652	0.263732305126	0.629881859283	0.309908439253	POLYGON((36060 35685, 36061 35685, 36062 35685, 36063 35685, 36064 35685, 36065 35685, 36065 35684, 36066 35684, 36067 35684, 36067 35683, 36068 35683, 36069 35683, 36069 35684, 36070 35684, 36071 35684, 36071 35685, 36072 35685, 36072 35686, 36073 35686, 36073 35687, 36074 35687, 36075 35687, 36075 35688, 36076 35688, 36076 35689, 36077 35689, 36077 35690, 36077 35691, 36076 35691, 36075 35691, 36074 35691, 36073 35691, 36072 35691, 36071 35691, 36070 35691, 36070 35692, 36069 35692, 36068 35692, 36067 35692, 36067 35693, 36066 35693, 36065 35693, 36064 35693, 36064 35692, 36063 35692, 36063 35691, 36062 35691, 36062 35690, 36062 35689, 36061 35689, 36061 35688, 36060 35688, 36060 35687, 36060 35686, 36060 35685))
oligoastroIII.2_40x_20x_NS-MORPH	2	87			0.0604632234098	0.252011374872	0.550554302008		0.474404005309	POLYGON((35051 34817, 35051 34816, 35052 34816, 35052 34815, 35052 34814, 35052 34813, 35052 34812, 35052 34811, 35053 34811, 35053 34810, 35054 34810, 35054 34809, 35055 34809, 35055 34808, 35055 34807, 35055 34806, 35056 34806, 35056 34807, 35056 34808, 35056 34809, 35057 34809, 35058 34809, 35059 34809, 35059 34810, 35060 34810, 35060 34811, 35061 34811, 35061 34812, 35062 34812, 35062 34813, 35062 34814, 35061 34814, 35061 34815, 35060 34815, 35060 34816, 35059 34816, 35058 34816, 35057 34816, 35056 34816, 35055 34816, 35055 34817, 35054 34817, 35054 34818, 35053 34818, 35053 34819, 35052 34819, 35052 34818, 35051 34818, 35051 34817))
oligoastroIII.2_40x_20x_NS-MORPH	2	88	0.699787883094	0.0829300041234	0.0100077593326	0.441988106292	0.511532133203	0.957343910483	0.719964456294	POLYGON((33448 33301, 33449 33301, 33449 33300, 33449 33299, 33450 33299, 33450 33298, 33451 33298, 33451 33297, 33452 33297, 33452 33296, 33453 33296, 33453 33295, 33454 33295, 33455 33295, 33456 33295, 33457 33295, 33457 33296, 33458 33296, 33458 33297, 33459 33297, 33459 33298, 33460 33298, 33461 33298, 33462 33298, 33462 33299, 33463 33299, 33463 33300, 33463 33301, 33463 33302, 33463 33303, 33463 33304, 33463 33305, 33463 33306, 33463 33307, 33462 33307, 33462 33308, 33461 33308, 33461 33309, 33460 33309, 33460 33310, 33459 33310, 33458 33310, 33458 33311, 33457 33311, 33457 33312, 33456 33312, 33456 33313, 33455 33313, 33455 33312, 33455 33311, 33455 33310, 33454 33310, 33454 33309, 33453 33309, 33452 33309, 33451 33309, 33450 33309, 33450 33308, 33449 33308, 33449 33307, 33449 33306, 33448 33306, 33448 33305, 33448 33304, 33448 33303, 33448 33302, 33448 33301))
oligoastroIII.2_40x_20x_NS-MORPH	2	89	0.144959241654	0.470994193177	0.651896002599	0.919339209362	0.350823531982		0.644940759392	POLYGON((33265 35128, 33265 35127, 33266 35127, 33266 35126, 33267 35126, 33267 35125, 33268 35125, 33269 35125, 33269 35126, 33270 35126, 33271 35126, 33272 35126, 33273 35126, 33273 35125, 33274 35125, 33275 35125, 33275 35124, 33276 35124, 33276 35123, 33277 35123, 33277 35122, 33278 35122, 33279 35122, 33280 35122, 33281 35122, 33282 35122, 33283 35122, 33283 35123, 33284 35123, 33285 35123, 33286 35123, 33287 35123, 33288 35123, 33289 35123, 33290 35123, 33291 35123, 33291 35124, 33292 35124, 33292 35125, 33293 35125, 33293 35126, 33293 35127, 33294 35127, 33294 35128, 33294 35129, 33295 35129, 33295 35130, 33295 35131, 33294 35131, 33293 35131, 33292 35131, 33292 35132, 33292 35133, 33292 35134, 33291 35134, 33290 35134, 33289 35134, 33288 35134, 33288 35135, 33287 35135, 33287 35136, 33286 35136, 33285 35136, 33284 35136, 33283 35136, 33282 35136, 33281 35136, 33280 35136, 33279 35136, 33278 35136, 33277 35136, 33276 35136, 33275 35136, 33274 35136, 33274 35135, 33273 35135, 33273 35134, 33272 35134, 33272 35133, 33271 35133, 33271 35132, 33271 35131, 33271 35130, 33271 35129, 33270 35129, 33269 35129, 33268 35129, 33267 35129, 33266 35129, 33265 35129, 33265 35128))
oligoastroIII.2_40x_20x_NS-MORPH	2	90	0.101590525466	0.489563304743	0.28376629705	0.677951470084	0.390529067011	0.622560881491		POLYGON((35947 36694, 35948 36694, 35948 36693, 35948 36692, 35948 36691, 35949 36691, 35949 36690, 35950 36690, 35950 36689, 35951 36689, 35951 36688, 35952 36688, 35952 36687, 35953 36687, 35954 36687, 35954 36688, 35955 36688, 35956 36688, 35956 36689, 35957 36689, 35957 36690, 35958 36690, 35958 36691, 35959 36691, 35959 36692, 35960 36692, 35960 36693, 35960 36694, 35961 36694, 35961 36695, 35962 36695, 35962 36696, 35963 36696, 35963 36697, 35963 36698, 35964 36698, 35964 36699, 35965 36699, 35965 36700, 35966 36700, 35966 36701, 35966 36702, 35965 36702, 35965 36703, 35965 36704, 35965 36705, 35965 36706, 35964 36706, 35963 36706, 35962 36706, 35961 36706, 35960 36706, 35960 36707, 35959 36707, 35958 36707, 35957 36707, 35957 36706, 35956 36706, 35956 36705, 35955 36705, 35954 36705, 35954 36704, 35953 36704, 35952 36704, 35952 36703, 35951 36703, 35951 36702, 35950 36702, 35950 36701, 35949 36701, 35949 36700, 35948 36700, 35948 36699, 35947 36699, 35947 36698, 35947 36697, 35947 36696, 35947 36695, 35947 36694))
oligoastroIII.2_40x_20x_NS-MORPH	2	91	0.108036741974	0.205155932811	0.634413529223	0.665790940442	0.14641972622	0.858908893229	0.889433962272	POLYGON((36412 34287, 36412 34286, 36413 34286, 36413 34285, 36414 34285, 36414 34284, 36415 34284, 36415 34283, 36416 34283, 36417 34283, 36417 34282, 36418 34282, 36418 34281, 36419 34281, 36419 34280, 36420 34280, 36421 34280, 36422 34280, 36423 34280, 36423 34279, 36424 34279, 36424 34278, 36425 34278, 36425 34279, 36425 34280, 36424 34280, 36424 34281, 36423 34281, 36422 34281, 36422 34282, 36421 34282, 36421 34283, 36421 34284, 36420 34284, 36420 34285, 36419 34285, 36418 34285, 36417 34285, 36416 34285, 36415 34285, 36415 34286, 36414 34286, 36414 34287, 36413 34287, 36412 34287))
oligoastroIII.2_40x_20x_NS-MORPH	2	92	0.567296254843		0.998854011021	0.25382332195	0.411349789134		0.323872203069	POLYGON((36122 34402, 36123 34402, 36123 34401, 36123 34400, 36123 34399, 36124 34399, 36124 34398, 36125 34398, 36125 34399, 36126 34399, 36126 34400, 36127 34400, 36127 34401, 36128 34401, 36128 34402, 36128 34403, 36128 34404, 36128 34405, 36128 34406, 36128 34407, 36127 34407, 36127 34408, 36127 34409, 36126 34409, 36126 34410, 36125 34410, 36124 34410, 36124 34409, 36124 34408, 36124 34407, 36123 34407, 36123 34406, 36122 34406, 36122 34405, 36122 34404, 36122 34403, 36122 34402))
oligoastroIII.2_40x_20x_NS-MORPH	2	93	0.529782779155	0.219673942489	0.588417143859	0.3362323049	0.717901100568			POLYGON((33992 33175, 33993 33175, 33993 33174, 33994 33174, 33994 33173, 33995 33173, 33995 33172, 33996 33172, 33996 33173, 33997 33173, 33998 33173, 33999 33173, 33999 33174, 34000 33174, 34000 33175, 34001 33175, 34001 33176, 34002 33176, 34002 33177, 34003 33177, 34003 33178, 34004 33178, 34004 33179, 34003 33179, 34003 33180, 34003 33181, 34003 33182, 34002 33182, 34002 33183, 34001 33183, 34001 33184, 34000 33184, 33999 33184, 33998 33184, 33998 33183, 33997 33183, 33996 33183, 33996 33182, 33995 33182, 33995 33181, 33994 33181, 33993 33181, 33992 33181, 33992 33180, 33992 33179, 33992 33178, 33992 33177, 33992 33176, 33992 33175))
oligoastroIII.2_40x_20x_NS-MORPH	2	94	0.424826736507	0.0428883456934	0.380984803434	0.338114266152	0.122281587695	0.714821484642	0.832785645379	POLYGON((33000 33037, 33001 33037, 33001 33036, 33002 33036, 33002 33035, 33002 33034, 33002 33033, 33002 33032, 33002 33031, 33003 33031, 33004 33031, 33005 33031, 33006 33031, 33007 33031, 33008 33031, 33008 33030, 33009 33030, 33010 33030, 33011 33030, 33012 33030, 33012 33029, 33013 33029, 33013 33028, 33014 33028, 33015 33028, 33016 33028, 33017 33028, 33018 33028, 33018 33027, 33019 33027, 33020 33027, 33021 33027, 33022 33027, 33023 33027, 33024 33027, 33025 33027, 33025 33028, 33026 33028, 33026 33029, 33027 33029, 33027 33030, 33028 33030, 33029 33030, 33030 33030, 33030 33031, 33031 33031, 33032 33031, 33032 33032, 33033 33032, 33033 33033, 33034 33033, 33034 33034, 33033 33034, 33033 33035, 33032 33035, 33031 33035, 33031 33036, 33031 33037, 33030 33037, 33030 33038, 33029 33038, 33029 33039, 33028 33039, 33027 33039, 33026 33039, 33025 33039, 33025 33040, 33024 33040, 33023 33040, 33023 33039, 33022 33039, 33021 33039, 33020 33039, 33019 33039, 33018 33039, 33017 33039, 33016 33039, 33015 33039, 33014 33039, 33013 33039, 33012 33039, 33012 33040, 33011 33040, 33010 33040, 33009 33040, 33009 33039, 33008 33039, 33007 33039, 33006 33039, 33005 33039, 33004 33039, 33003 33039, 33002 33039, 33001 33039, 33000 33039, 33000 33038, 33000 33037))
oligoastroIII.2_40x_20x_NS-MORPH	2	95	0.760715509238	0.638380678929	0.136978009414	0.394855771764	0.0699924693617		0.15851292384	POLYGON((35013 35930, 35014 35930, 35014 35929, 35015 35929, 35015 35928, 35016 35928, 35016 35927, 35017 35927, 35017 35926, 35018 35926, 35019 35926, 35020 35926, 35021 35926, 35022 35926, 35023 35926, 35024 35926, 35024 35927, 35025 35927, 35025 35928, 35026 35928, 35027 35928, 35027 35929, 35028 35929, 35029 35929, 35029 35930, 35030 35930, 35030 35931, 35031 35931, 35031 35932, 35031 35933, 35031 35934, 35030 35934, 35030 35935, 35029 35935, 35029 35936, 35028 35936, 35028 35937, 35027 35937, 35026 35937, 35025 35937, 35025 35938, 35024 35938, 35023 35938, 35022 35938, 35022 35939, 35021 35939, 35020 35939, 35020 35938, 35019 35938, 35018 35938, 35018 35937, 35017 35937, 35016 35937, 35016 35936, 35015 35936, 35015 35935, 35014 35935, 35014 35934, 35013 35934, 35013 35933, 35013 35932, 35013 35931, 35013 35930))
oligoastroIII.2_40x_20x_NS-MORPH	2	96	0.157168943625	0.285141207239	0.0446313363717	0.306162896895	0.176610944039	0.70015004051	0.747865998739	POLYGON((34057 33734, 34058 33734, 34058 33733, 34059 33733, 34059 33732, 34059 33731, 34060 33731, 34060 33730, 34061 33730, 34061 33729, 34062 33729, 34062 33728, 34063 33728, 34064 33728, 34065 33728, 34065 33727, 34066 33727, 34067 33727, 34067 33728, 34068 33728, 34068 33729, 34069 33729, 34069 33730, 34070 33730, 34070 33731, 34071 33731, 34071 33732, 34072 33732, 34072 33733, 34071 33733, 34071 33734, 34070 33734, 34070 33735, 34070 33736, 34069 33736, 34069 33737, 34068 33737, 34068 33738, 34067 33738, 34066 33738, 34065 33738, 34064 33738, 34064 33739, 34063 33739, 34062 33739, 34061 33739, 34060 33739, 34060 33740, 34059 33740, 34059 33739, 34058 33739, 34058 33738, 34057 33738, 34057 33737, 34057 33736, 34057 33735, 34057 33734))
oligoastroIII.2_40x_20x_NS-MORPH	2	97		0.723092061575	0.814413254316		0.247789366694	0.523019060975	0.212963107174	POLYGON((34026 33460, 34027 33460, 34027 33459, 34028 33459, 34028 33458, 34028 33457, 34029 33457, 34029 33456, 34030 33456, 34030 33455, 34031 33455, 34032 33455, 34032 33456, 34033 33456, 34033 33457, 34033 33458, 34033 33459, 34034 33459, 34034 33460, 34034 33461, 34035 33461, 34035 33462, 34035 33463, 34034 33463, 34034 33464, 34033 33464, 34032 33464, 34031 33464, 34030 33464, 34029 33464, 34029 33463, 34028 33463, 34028 33462, 34027 33462, 34027 33461, 34026 33461, 34026 33460))
oligoastroIII.2_40x_20x_NS-MORPH	2	98	0.389718258188	0.677161434496	0.322709111348	0.494603227515	0.895549096684	0.524735541313	0.896090964892	POLYGON((36303 35205, 36303 35204, 36304 35204, 36305 35204, 36305 35203, 36306 35203, 36306 35202, 36306 35201, 36306 35200, 36307 35200, 36307 35199, 36308 35199, 36309 35199, 36310 35199, 36311 35199, 36312 35199, 36313 35199, 36314 35199, 36315 35199, 36316 35199, 36317 35199, 36318 35199, 36319 35199, 36320 35199, 36321 35199, 36322 35199, 36322 35200, 36322 35201, 36321 35201, 36320 35201, 36319 35201, 36318 35201, 36317 35201, 36316 35201, 36316 35202, 36315 35202, 36314 35202, 36313 35202, 36312 35202, 36312 35203, 36311 35203, 36310 35203, 36309 35203, 36308 35203, 36308 35204, 36307 35204, 36306 35204, 36306 35205, 36305 35205, 36304 35205, 36303 35205))
oligoastroIII.2_40x_20x_NS-MORPH	2	99	0.575888639913	0.113616500797	0.865347028068	0.733751132982	0.849292445212	0.860825304873	0.42876292397	POLYGON((33687 35025, 33687 35024, 33687 35023, 33687 35022, 33687 35021, 33688 35021, 33688 35020, 33688 35019, 33689 35019, 33689 35018, 33690 35018, 33690 35017, 33691 35017, 33691 35016, 33692 35016, 33692 35015, 33693 35015, 33693 35014, 33694 35014, 33695 35014, 33696 35014, 33697 35014, 33698 35014, 33699 35014, 33700 35014, 33700 35015, 33701 35015, 33701 35016, 33702 35016, 33702 35017, 33702 35018, 33702 35019, 33703 35019, 33703 35020, 33704 35020, 33704 35021, 33705 35021, 33705 35022, 33706 35022, 33706 35023, 33705 35023, 33705 35024, 33705 35025, 33704 35025, 33704 35026, 33703 35026, 33703 35027, 33702 35027, 33701 35027, 33701 35026, 33700 35026, 33699 35026, 33698 35026, 33697 35026, 33696 35026, 33695 35026, 33695 35027, 33694 35027, 33694 35026, 33694 35025, 33693 35025, 33693 35024, 33692 35024, 33691 35024, 33690 35024, 33689 35024, 33689 35025, 33688 35025, 33687 35025))
oligoastroIII.2_40x_20x_NS-MORPH	2	100	0.983607972392	0.840382909093	0.568401144084	0.261684266419	0.987177008951	0.250230348908	0.0200475601871	POLYGON((36184 34014, 36184 34013, 36184 34012, 36185 34012, 36185 34011, 36185 34010, 36185 34009, 36186 34009, 36186 34008, 36187 34008, 36187 34007, 36188 34007, 36188 34006, 36189 34006, 36190 34006, 36191 34006, 36192 34006, 36192 34005, 36193 34005, 36194 34005, 36195 34005, 36195 34004, 36196 34004, 36196 34005, 36196 34006, 36197 34006, 36197 34007, 36198 34007, 36198 34008, 36199 34008, 36199 34009, 36200 34009, 36200 34010, 36201 34010, 36202 34010, 36203 34010, 36204 34010, 36204 34011, 36205 34011, 36205 34012, 36205 34013, 36205 34014, 36205 34015, 36205 34016, 36205 34017, 36205 34018, 36205 34019, 36205 34020, 36204 34020, 36203 34020, 36203 34019, 36203 34018, 36202 34018, 36202 34017, 36201 34017, 36200 34017, 36199 34017, 36198 34017, 36197 34017, 36196 34017, 36195 34017, 36194 34017, 36194 34018, 36193 34018, 36193 34019, 36192 34019, 36191 34019, 36191 34020, 36190 34020, 36189 34020, 36189 34021, 36188 34021, 36187 34021, 36186 34021, 36186 34020, 36185 34020, 36185 34019, 36184 34019, 36184 34018, 36184 34017, 36184 34016, 36184 34015, 36184 34014))
